lat,long,state,county,city,district_name,school_name,date,day_of_week,time,school_type,enrollment,killed,injured,casualties,shooting_type,age_shooter1,gender_shooter1,race_ethnicity_shooter1,shooter_relationship1,shooter_deceased1,deceased_notes1,age_shooter2,gender_shooter2,race_ethnicity_shooter2,shooter_relationship2,shooter_deceased2,deceased_notes2,white,black,hispanic,asian,american_indian_alaska_native,hawaiian_native_pacific_islander,two_or_more,resource_officer,weapon,weapon_source,staffing,lunch
39.60391,-105.075,Colorado,Jefferson County,Littleton,Jefferson County R-1,Columbine High School,4/20/1999,Tuesday,11:19 AM,public,1965,13,21,34,indiscriminate,18,m,w,student,1,suicide,17,m,w,student,1,suicide,1783,16,112,42,12,,,1,"12-gauge Savage-Springfield 67H pump-action shotgun, Hi-Point 995 Carbine 9 mm carbine, 9_19mm Intratec TEC-9 semi-automatic handgun, 12-gauge Stevens 311D double-barreled sawed-off shotgun",purchased from friends,89.6,41
30.529958,-91.169966,Louisiana,East Baton Rouge Parish,Baton Rouge,East Baton Rouge Parish School Board,Scotlandville Middle School,4/22/1999,Thursday,12:30 PM,public,588,0,1,1,targeted,14,m,,former student (expelled),0,,,,,,,,5,583,0,0,0,,,0,.22 caliber pistol,,39,495
33.626922,-84.04796,Georgia,Rockdale County,Conyers,Rockdale County,Heritage High School,5/20/1999,Thursday,8:03 AM,public,1369,0,6,6,indiscriminate,15,m,w,student,0,,,,,,,,1189,136,28,15,1,,,1,".22 caliber rifle, 357-caliber Magnum handgun",,84,125
39.921509,-75.234108,Pennsylvania,Philadelphia County,Philadelphia,Philadelphia City SD,John Bartram High School,10/4/1999,Monday,10:00 AM,public,3147,0,1,1,targeted,17,m,,student,0,,,,,,,,209,2736,27,170,5,,,1,RG .25-caliber pistol,purchased from friend,41,2007
42.285268,-71.075901,Massachusetts,Suffolk County,Boston,Boston,Dorchester High School,11/3/1999,Wednesday,7:40 AM,public,1116,0,1,1,targeted,,m,,,0,,,,,,,,40,755,287,29,5,,,0,,,,543
32.261547,-107.762986,New Mexico,Luna County,Deming,Deming Public Schools,Deming Middle School,11/19/1999,Friday,12:45 PM,public,753,1,0,1,accidental or targeted,12,m,h,student,0,,,,,,,,160,6,583,2,2,,,0,.22-caliber Colt revolver,home,44,502
35.795556,-95.241921,Oklahoma,Muskogee County,Fort Gibson,Fort Gibson,Fort Gibson Middle School,12/6/1999,Monday,7:45 AM,public,407,0,5,5,indiscriminate,13,m,ai,student,0,,,,,,,,239,3,12,0,153,,,0,Taurus 9mm pistol,father,25.4,146
28.273253,-82.687231,Florida,Pasco County,New Port Richey,Pasco,Ridgewood High School,1/19/2000,Wednesday,3:00 PM,public,1852,1,0,1,accidental,16,m,w,student,0,,,,,,,,1697,28,96,26,5,,,1,.22-caliber Magnum handgun,stolen,85,654
37.286387,-120.494808,California,Merced County,Merced,Merced City Elementary,Alicia Reyes Elementary School,1/26/2000,Wednesday,8:34 AM,public,734,0,0,0,targeted,13,m,,no connection,0,,,,,,,,82,40,389,222,1,,,0,.22 caliber revolver,,36,643
41.885272,-87.766042,Illinois,Cook County,Chicago,City of Chicago School District 299,Duke Ellington Elementary School,2/14/2000,Monday,,public,736,0,1,1,accidental,11,m,,student,0,,,,,,,,0,736,0,0,0,,,0,,,37,
34.948919,-90.035423,Mississippi,DeSoto County,Horn Lake,Desoto County School District,Horn Lake High School,2/22/2000,Tuesday,,public,1197,0,0,0,targeted,,m,,,0,,,,,,,,991,166,25,14,1,,,0,handgun,,65,324
35.255494,-96.943184,Oklahoma,Pottawatomie County,Tecumseh,Tecumseh,Tecumseh High School,2/24/2000,Thursday,9:00 AM,public,711,0,0,0,targeted,19,m,,former boyfriend of student,0,,,,,,,,527,8,12,2,162,,,0,,,45.5,184
43.079604,-83.706037,Michigan,Genesee County,Mount Morris Township,Beecher Community School District,Buell Elementary School,2/29/2000,Tuesday,10:00 AM,public,459,1,0,1,targeted,6,m,b,student,0,,,,,,,,125,261,37,0,1,,,0,.32-caliber semiautomatic handgun,"uncle's friend, found in open shoebox",20,421
34.010732,-95.511435,Oklahoma,Choctaw County,Hugo,Hugo,Hugo High School,4/6/2000,Thursday,12:00 PM,public,499,0,1,1,targeted,33,f,,parent of student,0,,,,,,,,263,117,11,1,107,,,1,small-caliber pistol,legally purchased by shooter,34.7,236
31.56269,-110.29924,Arizona,Cochise County,Sierra Vista,Sierra Vista Unified District,Carmichael Elementary School,5/10/2000,Wednesday,1:30 PM,public,397,1,0,1,targeted,39,m,,spouse of teacher,1,suicide,,,,,,,178,51,154,8,6,,,0,,,24.5,
26.451351,-80.085968,Florida,Palm Beach County,Lake Worth,Palm Beach County School District,Lake Worth Middle School,5/26/2000,Friday,3:00 PM,public,1525,1,0,1,targeted,13,m,b,student,0,,,,,,,,414,560,528,17,6,,,0,.25-caliber handgun,grandfather,95,1186
47.493015,-122.233115,Washington,King County,Renton,Renton,Dimmitt Middle School,7/17/2000,Monday,10:30 AM,public,956,0,0,0,indiscriminate,13,m,w,student in summer school,0,,,,,,,,276,375,73,218,14,,,0,.22-caliber handgun,grandparents,42.3,
39.251506,-84.555558,Ohio,Hamilton County,Mount Healthy,Mount Healthy City SD,Mount Healthy North Junior High,9/18/2000,Monday,,public,341,0,0,0,indiscriminate,14,m,,student,0,,,,,,,,149,192,0,0,0,,,1,.380-caliber semiautomatic handgun,relatives,22.8,163
29.939676,-90.090046,Louisiana,Orleans Parish,New Orleans,Orleans Parish School Board,Carter G. Woodson Middle School,9/26/2000,Tuesday,12:00 PM,public,686,0,1,1,targeted,13,m,,student,0,,,,,,,,0,685,1,0,0,,,0,.38-caliber revolver,,45,551
34.160149,-119.1822,California,Ventura County,Oxnard,Oxnard Union High,Hueneme High School,1/10/2001,Wednesday,12:50 PM,public,2764,0,0,0,targeted,17,m,h,not a student but often hung around the school,1,killed by police,,,,,,,311,124,2145,134,50,,,1,handgun,,110.2,1169
39.316116,-76.590038,Maryland,Baltimore City,Baltimore,Baltimore City Public Schools,Lake Clifton Eastern High School,1/17/2001,Wednesday,8:45 AM,public,2236,1,0,1,targeted,19,m,,none,0,,,,,,,,24,2205,2,4,1,,,0,.32-caliber handgun,,126.5,914
32.759323,-96.744389,Texas,Dallas County,Dallas,Dallas ISD,Pearl C. Anderson Middle School,2/6/2001,Tuesday,,public,879,0,1,1,targeted,14,m,,student (suspended),0,,,,,,,,3,793,82,0,1,,,1,small revolver,,89.3,607
32.85756,-116.971045,California,San Diego County,Santee,Grossmont Union High,Santana High School,3/5/2001,Monday,9:20 AM,public,1894,2,13,15,indiscriminate,15,m,w,student,0,,,,,,,,1591,24,174,58,8,,,1,.22-caliber revolver,father,79.9,202
41.249266,-76.996564,Pennsylvania,Lycoming County,Williamsport,,Bishop Neumann Junior-Senior High,3/7/2001,Wednesday,12:00 PM,private,227,0,1,1,targeted,14,f,w,student,0,,,,,,,,208,10,5,4,0,,,0,.22-caliber revolver,father,21.125,
32.800101,-116.916889,California,San Diego County,El Cajon,Grossmont Union High,Granite Hills High School,3/22/2001,Thursday,1:00 PM,public,2846,0,5,5,targeted and indiscriminate,18,m,,student,0,,,,,,,,2256,67,376,66,50,,,1,Mossberg pump-action 12-gauge shotgun,,112.2,436
41.536645,-87.34132,Indiana,Lake County,Gary,Gary Community School Corp,Lew Wallace High School,3/30/2001,Friday,8:15 AM,public,1179,1,0,1,targeted,17,m,,former student (expelled),0,,,,,,,,2,1135,39,3,0,,,1,pistol,,64,446
32.524187,-92.070624,Louisiana,Ouachita Parish,Monroe,City of Monroe School Board,Monroe City Alternative Center,4/20/2001,Friday,7:20 AM,public,65,0,0,0,targeted,14,m,,student,0,,,,,,,,,,,,,,,0,.380 caliber semi-automatic pistol,,,
32.305062,-96.629758,Texas,Ellis County,Ennis,Ennis ISD,Ennis High School,5/15/2001,Tuesday,12:00 PM,public,1279,0,0,0,hostage suicide,16,m,,student,1,suicide,,,,,,,692,202,383,2,0,,,0,.357 Magnum pistol,,93.7,447
34.061499,-118.263286,California,Los Angeles County,Los Angeles,Los Angeles Unified,Belmont High School,7/30/2001,Monday,7:20 AM,public,5264,0,1,1,targeted,,m,,,0,,,,,,,,27,98,4679,456,4,,,1,revolver,,194.3,4046
39.044149,-84.49833,Kentucky,Kenton County,Covington,Covington Independent,Latonia Elementary School,9/12/2001,Wednesday,3:00 PM,public,526,1,0,1,targeted,30,f,w,parent of student,0,,,,,,,,441,81,0,1,3,,,0,.380-caliber semiautomatic pistol,,16.8,350
33.844274,-118.384456,California,Los Angeles County,Redondo Beach,Redondo Beach Unified,Redondo Union High School,10/26/2001,Friday,10:00 AM,public,2069,0,1,1,accidental,16,m,,student,0,,,,,,,,1199,121,518,216,15,,,0,.38-caliber handgun,,94.4,465
43.458011,-83.438553,Michigan,Tuscola County,Caro,Caro Community Schools,Caro Learning Center,11/12/2001,Monday,2:40 PM,public,151,0,0,0,targeted,17,m,,student,1,suicide,,,,,,,126,2,23,0,0,,,0,20-guage shotgun,legally purchased by shooter,,6
40.774262,-73.985021,New York,New York County,New York City,New York City Public Schools,"Martin Luther King, Jr. High School",1/15/2002,Tuesday,2:00 PM,public,2258,0,2,2,targeted,17,m,,student,0,,,,,,,,49,1223,949,29,8,,,0,Lorcin .380-caliber semiautomatic pistol,illegally purchased,97.7,1831
33.866342,-118.296704,California,Los Angeles County,Los Angeles,Los Angeles Unified,Gardena High School,2/6/2002,Wednesday,2:50 PM,public,3198,0,2,2,targeted,17,m,,student,0,,,,,,,,77,1381,1492,244,4,,,0,pistol,,133.2,1941
38.957407,-76.746341,Maryland,Prince George's County,Bowie,Prince George's County Public Schools,Benjamin Tasker Middle School,10/7/2002,Monday,8:09 AM,public,1371,0,1,1,indiscriminate,,m,b,none,0,,,,,,,,562,706,47,52,4,,,0,Bushmaster XM-15 rifle,stolen,73.7,197
40.716783,-74.070502,New Jersey,Hudson County,Jersey City,Jersey City,Lincoln High School,10/29/2002,Tuesday,8:30 AM,public,986,0,1,1,targeted,15,m,,student,0,,,,,,,,9,722,208,43,4,,,1,Browning .380-caliber pistol,,102,495
39.240746,-94.45515,Missouri,Clay County,Liberty,,St. James Catholic School,11/7/2002,Thursday,12:30 PM,private,297,1,1,2,targeted,41,m,,parent of student,0,,,,,,,,287,4,5,1,0,,,0,revolver,legally purchased by shooter,,
41.837981,-71.45125,Rhode Island,Providence County,Providence,Providence School District,Mount Pleasant High School,1/22/2003,Wednesday,,public,1641,0,0,0,targeted,,m,,student,0,,,,,,,,247,396,831,155,12,,,0,22-caliber semi-automatic,,,1097
39.841774,-105.015495,Colorado,Adams County,Westminster,Westminster 50,Ranum High School,2/5/2003,Wednesday,8:40 AM,public,1434,0,0,0,targeted,14,m,,student,0,,,,,,,,539,18,748,112,17,,,1,small semi-automatic handgun,,68,524
38.922338,-77.029756,District of Columbia,District of Columbia,Washington,District Of Columbia Pub Schls,Cardozo High School,4/1/2003,Tuesday,12:15 PM,public,749,0,1,1,targeted,15,m,,student,0,,,,,,,,6,530,183,28,2,,,1,handgun,,,427
29.974421,-90.075733,Louisiana,Orleans Parish,New Orleans,Orleans Parish School Board,John McDonogh High School,4/14/2003,Monday,10:30 AM,public,1260,1,3,4,targeted,19,m,,none,0,,17,m,,none,,,10,1241,9,0,0,,,1,AK-47 and semiautomatic pistol,,63,843
37.426801,-120.792392,California,Merced County,Delhi,Delhi Unified,Delhi Middle School,4/15/2003,Tuesday,8:15 AM,public,394,0,1,1,targeted,,m,,,0,,,,,,,,101,7,273,13,0,,,0,handgun,,18,270
39.893809,-76.609728,Pennsylvania,York County,Red Lion,Red Lion Area SD,Red Lion Area Junior High School,4/24/2003,Thursday,7:30 AM,public,965,1,0,1,targeted,14,m,w,student,1,suicide,,,,,,,949,6,5,5,0,,,1,".44-caliber handgun, .22-caliber gun to kill himself",stepfather,46,156
32.323263,-90.885251,Mississippi,Warren County,Vicksburg,Vicksburg Warren School Dist,Vicksburg High School,9/10/2003,Wednesday,2:30 PM,public,1121,1,0,1,targeted,20,m,,,0,,,,,,,,388,719,9,5,0,,,0,handgun,,63.8,540
47.652394,-117.419841,Washington,Spokane County,Spokane,Spokane School District,Lewis and Clark High School,9/22/2003,Monday,11:10 AM,public,1992,0,0,0,indiscriminate,16,m,w,student,0,,,,,,,,1701,116,64,71,40,,,0,9 millimeter semiautomatic pistol,home,92,545
45.466258,-94.426618,Minnesota,Stearns County,Cold Spring,Rocori,Rocori High School,9/24/2003,Wednesday,11:38 AM,public,831,2,0,2,targeted,15,m,w,student,0,,,,,,,,813,3,8,7,0,,,0,.22 caliber pistol,father,48,100
35.425762,-81.539104,North Carolina,Cleveland County,Lawndale,Cleveland County Schools,Burns Middle School,9/25/2003,Thursday,8:00 AM,public,1049,0,0,0,indiscriminate,13,m,,student,0,,,,,,,,786,240,20,3,0,,,1,9mm handgun,,63,510
38.469639,-121.435306,California,Sacramento County,Sacramento,Elk Grove Unified,Rio Cazadero High School,10/1/2003,Wednesday,9:00 AM,public,317,0,2,2,targeted,,m,,multiple officers,0,,,,,,,,27,105,91,88,5,,,0,officer weapons,police,10.8,99
35.175976,-80.756579,North Carolina,Mecklenburg County,Charlotte,Charlotte-Mecklenburg Schools,East Mecklenburg High School,11/13/2003,Thursday,11:45 AM,public,2275,0,1,1,accidental,15,m,,student,0,,,,,,,,997,990,198,82,8,,,1,.25-caliber handgun,,113,709
38.839005,-77.001667,District of Columbia,District of Columbia,Washington,District Of Columbia Pub Schls,Ballou High School,2/2/2004,Monday,10:30 AM,public,1090,1,1,2,targeted,18,m,b,student,0,,,,,,,,0,1084,2,2,2,,,1,.380-caliber pistol,puchased by shooter and friends,68,897
42.62068,-73.690848,New York,RENSSELAER,East Greenbush,East Greenbush Central School District,Columbia High School,2/9/2004,Monday,10:30 AM,public,1455,0,1,1,indiscriminate,16,m,w,student,0,,,,,,,,1390,28,6,31,0,,,0,12-gauge Winchester shotgun,,,
39.998621,-75.168248,Pennsylvania,Philadelphia County,Philadelphia,Philadelphia City SD,T.M. Peirce Elementary School,2/11/2004,Wednesday,8:30 AM,public,453,1,1,2,targeted,19,m,b,none,0,,20,m,b,none,0,,2,445,4,2,0,,,1,"carbine rifle, assault weapon",,26,450
37.75982,-122.16302,California,Alameda County,Oakland,Oakland Unified,Castlemont High School,6/9/2004,Wednesday,12:22 PM,public,1467,0,2,2,targeted,,,,,0,,,,,,,,9,736,631,83,1,,,0,,,56.5,340
41.88062,-87.83382,Illinois,Cook County,Maywood,Proviso Twp H S Dist 209,Proviso East High School,8/30/2004,Monday,2:30 PM,public,2068,1,0,1,targeted,,m,b,none,0,,,,,,,,44,1506,497,9,10,,,1,handgun,,110,637
41.60997,-87.26145,Indiana,Lake County,Gary,Gary Community School Corp,Wirt High School,9/15/2004,Wednesday,,public,792,0,0,0,indiscriminate,,m,,student,0,,,,,,,,10,769,11,2,0,,,0,handgun,,49.7,394
39.31911,-76.54552,Maryland,Baltimore City,Baltimore,Baltimore City,Thurgood Marshall High School,10/21/2004,Thursday,4:00 PM,public,502,0,2,2,targeted,16,m,,student,0,,,,,,,,6,493,2,0,1,,,1,handgun,,22,296
29.94966,-90.08893,Louisiana,Orleans Parish,New Orleans,Orleans Parish,Booker T. Washington High School,11/12/2004,Friday,12:00 PM,public,383,0,1,1,targeted,28,f,,security guard,0,,,,,,,,2,381,0,0,0,,,1,.38-caliber revolver,department issued,36.8,308
32.288835,-90.196049,Mississippi,Hinds County,Jackson,,Emmanuel Christian Academy,12/7/2004,Tuesday,3:00 PM,private,128,0,1,1,accidental,28,f,,,0,,,,,,,,0,128,0,0,0,,,0,.22 caliber handgun,,11,
40.70725,-89.57513,Illinois,Peoria County,Peoria,Peoria School District 150,Woodruff High School,1/26/2005,Wednesday,,public,1012,0,0,0,targeted,15,m,b,student,0,,,,,,,,336,602,60,14,0,,,0,handgun,,65,606
41.73354,-87.557742,Illinois,Cook County,Chicago,City Of Chicago School Dist 299,Bowen High School,2/8/2005,Tuesday,2:32 PM,public,215,0,1,1,targeted,,,,,0,,,,,,,,2,167,46,0,0,,,0,,,45.7,212
36.22912,-86.74568,Tennessee,Davidson County,Nashville,Nashville-Davidson County SD,Maplewood Comprehensive High School,3/9/2005,Wednesday,2:00 PM,public,1119,0,1,1,targeted,16,m,,former student (expelled),0,,,,,,,,219,868,21,11,0,,,0,handgun,,63,
47.8509,-95.0629,Minnesota,Beltrami County,Red Lake,Red Lake,Red Lake High School,3/21/2005,Monday,2:49 PM,public,331,7,7,14,indiscriminate,16,m,ai,former student,1,suicide,,,,,,,0,0,0,0,331,,,1,".40 caliber Glock 23 pistol, 870 12 gauge pump-action shotgun",grandfather,31.1,295
32.54958,-95.86617,Texas,Van Zandt County,Canton,Canton ISD,Canton High School,4/7/2005,Thursday,9:20 AM,public,533,0,1,1,targeted,45,m,w,father of football player,0,,,,,,,,484,16,29,1,3,,,0,.45-caliber pistol,legally purchased by shooter,39.4,79
40.21999,-76.95256,Pennsylvania,Cumberland County,Lower Allen Township,West Shore SD,Highland Elementary School,5/17/2005,Tuesday,3:00 PM,public,445,1,0,1,targeted,47,m,,dating mother of student,1,suicide,,,,,,,403,23,10,9,0,,,0,9 mm semiautomatic handgun,,24.2,35
36.0213,-83.4041,Tennessee,Jefferson County,Jacksboro,Jefferson County School District,Maury Middle School,8/25/2005,Thursday,9:30 AM,public,609,0,1,1,accidental,14,m,,student,0,,,,,,,,594,9,4,2,0,,,0,".38-caliber Smith & Wesson, .22-caliber handgun",guardian (uncle),34.7,314
30.27037,-81.61618,Florida,Duval County,Jacksonville,Duval County School District,Sojourner Truth High School,9/2/2005,Friday,12:50 PM,public,123,0,1,1,targeted,,m,,,0,,,,,,,,9,110,4,0,0,,,0,handgun,,7,62
41.7184,-87.62085,Illinois,Cook County,Chicago,City Of Chicago Sd 299,Harlan Community Academy High School,9/13/2005,Tuesday,2:20 PM,public,1381,0,1,1,targeted,15,m,,student,0,,,,,,,,0,1381,0,0,0,,,1,.25-caliber handgun,,101.6,959
37.78108,-90.43619,Missouri,St. Francois County,Farmington,Farmington R-VII,Farmington High School,10/11/2005,Tuesday,8:00 AM,public,1160,0,0,0,indiscriminate,17,m,w,student,0,,,,,,,,1126,18,7,8,1,,,0,single-shot shotgun,father,68.6,344
43.40713,-83.92541,Michigan,Saginaw County,Saginaw,Saginaw City School District,Saginaw High School,10/20/2005,Thursday,12:00 PM,public,1178,0,1,1,targeted,15,m,,student,0,,,,,,,,16,1128,34,0,0,,,1,.380-caliber handgun,stolen,58,823
36.35086,-84.14832,Tennessee,Campbell County,Jacksboro,Campbell County School Distrct,Campbell County High School,11/8/2005,Tuesday,2:00 PM,public,1440,1,2,3,targeted and indiscriminate,15,m,w,student,0,,,,,,,,1429,0,6,5,0,,,0,.22-caliber pistol,,79.4,851
42.38469,-83.11269,Michigan,Wayne County,Detroit,Detroit City School District,Central High School,12/6/2005,Tuesday,1:30 PM,public,1205,0,1,1,indiscriminate,18,m,,,0,,,,,,,,5,1194,0,1,5,,,0,,,55.2,897
43.05063,-87.95774,Wisconsin,Milwaukee County,Milwaukee,Milwaukee Sch Dist,Mary McLeod Bethune Academy,1/11/2006,Wednesday,12:30 PM,public,366,0,1,1,indiscriminate,18,m,,,0,,,,,,,,14,311,4,35,2,,,0,,,24,321
28.68172,-81.34669,Florida,Seminole County,Longwood,Seminole County School District,Milwee Middle School,1/13/2006,Friday,9:30 AM,public,1121,1,0,1,targeted,,m,w,SWAT officer,0,,,,,,,,635,158,309,18,1,,,1,high-powered rifle,police issued,76,569
36.79721,-76.24185,Virginia,Chesapeake City,Chesapeake,Chesapeake City Public Schools,Indian River High School,1/18/2006,Wednesday,11:00 AM,public,1836,0,0,0,targeted,19,m,,,0,,,,,,,,733,957,53,69,6,,,0,,,126,427
38.34635,-121.97421,California,Solano County,Vacaville,Vacaville Unified,Will C. Wood High School,1/23/2006,Monday,9:45 AM,public,2138,0,1,1,accidental,14,m,,student,0,,,,,,,,1271,233,394,161,27,,,0,small revolver,,85.8,398
32.85566,-96.57589,Texas,Dallas County,Garland,Garland ISD,Lakeview Centennial High School,1/27/2006,Friday,,public,2175,0,2,2,accidental,16,m,,student,0,,,,,,,,630,755,674,108,8,,,0,small-caliber semiautomatic handgun,,157.1,994
40.4607,-79.90059,Pennsylvania,Allegheny County,Pittsburgh,Pittsburgh SD,Westinghouse High School,2/21/2006,Tuesday,7:45 AM,public,562,0,1,1,targeted,23,m,,,0,,,,,,,,1,561,0,0,0,,,1,AK-47,,41.2,374
43.208,-123.34712,Oregon,Douglas County,Roseburg,Douglas County SD 4,Roseburg High School,2/23/2006,Thursday,7:45 AM,public,2052,0,1,1,targeted,14,m,w,student,0,,,,,,,,1844,12,111,45,40,,,1,large-caliber handgun with hollow-point bullets,,92,689
39.47981,-119.78186,Nevada,Washoe County,Reno,Washoe,Pine Middle School,3/14/2006,Tuesday,9:00 AM,public,868,0,2,2,indiscriminate,14,m,w,student,0,,,,,,,,502,19,293,40,14,,,0,.38-caliber pistol,father,40,286
33.99881,-118.44282,California,Los Angeles County,Los Angeles,Los Angeles Unified,Venice High School,6/5/2006,Monday,3:10 PM,public,3210,1,0,1,targeted,21,m,b,,0,,,,,,,,413,336,2173,269,19,,,0,handgun,,129.2,2063
36.09233,-79.09337,North Carolina,Orange County,Hillsborough,Orange County Schools,Orange High School,8/30/2006,Wednesday,1:00 PM,public,1150,0,2,2,indiscriminate,19,m,h,former student,0,,,,,,,,776,290,55,6,3,,,0,"9 mm rifle, a Mossburg 12-gauge sawed-off shotgun",,66.7,276
32.65726,-97.36,Texas,Tarrant County,Fort Worth,Fort Worth ISD,South Hills High School,9/8/2006,Friday,1:20 PM,public,1417,0,1,1,targeted,,m,,resource officer,0,,,,,,,,103,242,1053,19,0,,,1,handgun,police issued weapon,86.7,921
39.45566,-105.64543,Colorado,Park County,Bailey,"Platte Canyon, School District No. 1, Of The County Of Park",Platte Canyon High School,9/27/2006,Wednesday,11:40 AM,public,476,1,0,1,targeted,53,m,w,,1,suicide,,,,,,,424,4,28,7,13,,,0,".40 S&W caliber Glock 22 pistol, Smith & Wesson .357-caliber revolver",,26.2,82
43.48211,-90.19016,Wisconsin,Sauk County,Cazenovia,Weston,Weston High School,9/29/2006,Friday,8:10 AM,public,119,1,0,1,targeted,15,m,w,student,0,,,,,,,,117,2,0,0,0,,,0,"long-barrel shotgun, 22-pistol",father,10.5,35
39.960081,-76.084367,Pennsylvania,Lancaster County,Nickel Mines,,West Nickel Mines Amish School,10/2/2006,Monday,11:07 AM,private,26,5,5,10,targeted,32,m,w,none; worked in community,1,suicide,,,,,,,26,0,0,0,0,,,0,"9mm handgun, a shotgun, a 30.06 rifle",purchased legally by shooter,,
37.08277,-94.51586,Missouri,Jasper County,Joplin,Joplin R-VIII,Memorial Middle School,10/9/2006,Monday,7:45 AM,public,699,0,0,0,indiscriminate,13,m,w,student,0,,,,,,,,591,43,49,7,9,,,0,MAC 90 7.26 mm assault rifle,parent,50.3,312
47.24114,-122.49364,Washington,Peirce County,Tacoma,Tacoma School District,Henry Foss High School,1/3/2007,Wednesday,7:30 AM,public,1749,1,0,1,targeted,18,m,,student,0,,,,,,,,692,535,139,354,29,,,0,handgun,,85.4,884
39.10911,-84.52183,Ohio,Hamilton County,Cincinnati,Cincinnati City,Robert A. Taft Information Technology High School,1/8/2007,Monday,10:45 AM,public,745,0,0,0,targeted,16,m,,student,0,,,,,,,,20,715,0,0,0,,,0,,,46,397
39.95793,-75.2374,Pennsylvania,Philadelphia County,Philadelphia,Philadelphia City SD,William L.Sayre High School,1/18/2007,Thursday,8:25 AM,public,655,0,1,1,targeted,,m,,,0,,,,,,,,1,647,5,1,1,,,1,9 mm semi-automatic Ruger,,40.4,572
43.64091,-84.27414,Michigan,Midland County,Midland,Midland Public Schools,Herbert Henry Dow High School,3/7/2007,Wednesday,10:57 AM,public,1593,0,1,1,targeted,17,m,w,girlfriend was student,1,suicide,,,,,,,1475,32,26,56,4,,,0,.44 caliber handgun,,78.6,201
41.7372,-87.57236,Illinois,Cook County,Chicago,City Of Chicago Sd 299,Chicago Vocational Career Academy,4/9/2007,Monday,2:30 PM,public,2020,0,1,1,accidental,15,m,,student,0,,,,,,,,2,1993,7,0,1,,,0,9mm handgun,,105,1930
45.48655,-122.40894,Oregon,Multnomah County,Gresham,Gresham-Barlow Sd 10J,Springwater Trail High School,4/10/2007,Tuesday,2:15 PM,public,163,0,10,10,indiscriminate,15,m,,student,0,,,,,,,,133,3,17,3,4,,,0,.270 Winchester rifle with scope,stepfather,11.8,51
26.1106,-97.5108,Texas,Cameron County,Los Fresnos,Los Fresnos CISD,Liberty Memorial Middle School,5/15/2007,Tuesday,10:00 AM,public,505,0,0,0,indiscriminate,14,m,,student,0,,,,,,,,18,0,487,0,0,,,0,.38 semiautomatic handgun,father,35,187
27.99133,-82.43267,Florida,Hillsborough County,Tampa,Hillsborough,George S. Middleton High School,6/6/2007,Wednesday,12:00 PM,public,1799,0,0,0,targeted,17,m,,former student,0,,,,,,,,268,1256,202,29,4,,,1,.22-caliber handgun,,91,1091
41.50762,-81.6869,Ohio,Cuyahoga County,Cleveland,Cleveland Municipal City,SuccessTech Academy,10/10/2007,Wednesday,1:15 PM,public,260,0,4,4,indiscriminate,14,m,,student,1,suicide,,,,,,,22,227,9,0,1,,,1,".22-caliber revolver, .38-caliber revolver",,14,
32.10841,-81.15661,Georgia,Chatham County,Garden City,Chatham County,Groves High School,10/15/2007,Monday,2:45 PM,public,1534,0,0,0,targeted,,m,,,0,,,,,,,,381,997,89,37,3,,,0,,,90,799
35.26039,-80.77591,North Carolina,Mecklenburg County,Charlotte,Crossroads Charter High,Crossroads Charter High School,1/16/2008,Wednesday,10:15 AM,public,244,0,1,1,accidental,16,m,b,student,0,,,,,,,,5,230,8,0,1,,,0,,,13,
35.10069,-90.0174,Tennessee,Shelby County,Memphis,Memphis City School District,Hamilton High School,2/4/2008,Monday,10:00 AM,public,1581,0,1,1,targeted,16,m,,student,0,,,,,,,,4,1577,0,0,0,,,0,380-caliber handgun,,87.9,863
38.735563,-82.986607,Ohio,Scioto County,Portsmouth,,Notre Dame Elementary School,2/7/2008,Thursday,9:12 AM,private,166,0,1,1,targeted,56,m,w,spouse of teacher,1,suicide,,,,,,,158,3,1,0,4,,,0,,,14,
35.05595,-90.08589,Tennessee,Shelby County,Memphis,Memphis City School District,Mitchell High School,2/11/2008,Monday,9:00 AM,public,1110,0,1,1,targeted,17,m,,student,0,,,,,,,,0,1109,0,1,0,,,1,.22-caliber pistol,purchased from someone in apartment complex,53.8,787
34.16568,-119.1814,California,Ventura County,Oxnard,Hueneme Elementary,E.O. Green Junior High School,2/12/2008,Tuesday,8:15 AM,public,1065,1,0,1,targeted,14,m,,student,0,,,,,,,,125,49,829,58,4,,,0,.22-caliber handgun,relative,50,775
,,Mississippi,Leake County,Carthage,,Friends of Children Head Start center,3/18/2008,Tuesday,1:00 PM,private,100,1,1,2,targeted,23,,,,,,,,,,,,,,,,,,,0,.45-caliber handgun,,,
36.74302,-119.7537,California,Fresno County,Fresno,Fresno Unified,Roosevelt High School,4/16/2008,Wednesday,11:54 AM,public,2735,1,0,1,targeted,38,m,,resource officer,0,,,,,,,,130,112,2039,444,10,,,1,pistol,department issued,137.6,2466
36.0392,-83.9216,Tennessee,Knox County,Knoxville,Knox County School District,Central High School,8/21/2008,Thursday,8:10 AM,public,1210,1,0,1,targeted,15,m,,student,0,,,,,,,,872,254,55,25,4,,,1,"small-caliber, semiautomatic pistol",,79.5,569
26.1383,-80.176,Florida,Broward County,Fort Lauderdale,Broward,Dillard High School,11/12/2008,Wednesday,11:00 AM,public,1758,1,0,1,targeted,15,f,b,student,0,,,,,,,,80,1576,76,6,1,,,1,.22-caliber semi-automatic handgun,family member,149.4,1193
42.3837,-83.1115,Michigan,Wayne County,Detroit,Detroit City School District,Central High School,2/17/2009,Tuesday,2:00 PM,public,919,0,2,2,targeted,17,m,,non-student,0,,,,,,,,4,913,0,0,2,,,1,handgun,,57.2,640
37.6566,-122.083,California,Alameda County,Hayward,Hayward Unified,John Muir Elementary School,2/20/2009,Friday,12:00 PM,public,354,0,0,0,targeted,,h,m,,0,,,,,,,,13,54,252,34,1,,,0,shotgun,,20.4,
30.3895,-81.707,Florida,Duval County,Jacksonville,Duval,Ribault High School,3/10/2009,Tuesday,7:22 AM,public,1131,0,0,0,targeted,,,,,0,,,,,,,,53,1051,15,2,0,,,0,,,67.4,609
29.5004,-90.3295,Louisiana,Lafourche Parish,Larose,Lafourche Parish,Larose-Cut Off Middle School,5/18/2009,Monday,9:00 AM,public,512,0,0,0,targeted,15,m,,student,1,suicide,,,,,,,405,28,23,15,41,,,0,25-caliber nickel plate semi-automatic,father,37.8,265
41.059329,-73.536464,Connecticut,Fairfield County,Stamford,Stamford Academy,Stamford Academy,9/8/2009,Tuesday,8:05 AM,public,131,0,0,0,targeted,16,m,,student,0,,,,,,,,7,89,33,2,0,,,0,.22-caliber pistol,,8,111
37.661586,-77.483135,Virginia,Henrico County,Glen Allen,Henrico Co Pblc Schs,Virginia Randolph Community High School,9/16/2009,Wednesday,12:30 PM,public,292,0,0,0,targeted,16,m,,student,0,,,,,,,,66,186,13,3,0,,,0,.40-caliber handgun,,30.18,237
40.996241,-72.529205,New York,Suffolk County,Mattituck,Mattituck-Cutchogue Union Free School District,Mattituck Junior-Senior High School,10/8/2009,Thursday,2:00 PM,public,812,0,1,1,accidental,28,m,,,0,,,,,,,,736,24,43,8,0,0,0,0,22-caliber rifle,mother,68.28,86
33.780761,-78.97152,South Carolina,Horry County,Conway,Horry 01,Carolina Forest High School,10/16/2009,Friday,8:25 AM,public,1958,1,0,1,targeted,,m,w,school resource officer,0,,,,,,,,1400,309,124,60,25,,,1,.40 caliber Glock,department issued,102.5,901
32.503605,-93.77398,Louisiana,Caddo Parish,Shreveport,Caddo Parish,Booker T. Washington High School,12/11/2009,Friday,8:10 AM,public,336,0,1,1,targeted,28,m,b,ex-boyfriend of student,0,,,,,,,,1,335,0,0,0,,,1,handgun,,34.55,278
34.740322,-86.741148,Alabama,Madison County,Madison,Madison City,Discovery Middle School,2/5/2010,Friday,1:45 PM,public,1000,1,0,1,targeted,14,m,a,student,0,,,,,,,,707,188,27,50,8,,,1,.22-caliber pistol,friend's home,54.5,176
39.5869,-105.102,Colorado,Jefferson County,Littleton,Jefferson County School District No. R-1,Deer Creek Middle School,2/23/2010,Tuesday,3:14 PM,public,516,0,2,2,indiscriminate,32,m,w,,0,,,,,,,,436,7,46,23,4,,,0,hunting rifle,,28.2,60
36.815009,-76.381349,Virginia,Portsmouth City,Portsmouth,Portsmouth City Pblc Schs,Woodrow Wilson High School,4/28/2010,Wednesday,12:15 PM,public,1309,0,0,0,indiscriminate,15,m,b,student,0,,,,,,,,446,818,22,19,4,,,0,handgun,,64.33,695
33.954604,-118.209757,California,Los Angeles County,South Gate,Los Angeles Unified,South Gate High School,5/18/2010,Tuesday,7:51 AM,public,3289,0,1,1,targeted,15,m,,student,0,,,,,,,,12,11,3251,3,10,0,2,0,,,126.1,2373
36.531336,-82.387049,Tennessee,Sullivan County,Blountville,Sullivan County,Sullivan Central High School,8/30/2010,Monday,9:10 AM,public,1115,1,0,1,targeted,,,,police officer,0,,,,,,,,1097,7,6,3,1,0,1,1,handgun,department issued,67.7,386
33.6788,-79.004328,South Carolina,Horry County,Conway,Horry 01,Socastee High School,9/21/2010,Tuesday,2:00 PM,public,1453,0,1,1,targeted,14,m,w,student,0,,,,,,,,1143,119,98,37,1,5,50,1,revolver,parent,80.8,678
36.686184,-121.595961,California,Monterey County,Salinas,Salinas Union High,Alisal High School,10/1/2010,Friday,7:53 AM,public,2478,1,0,1,targeted,,m,,,0,,,,,,,,14,10,2420,28,1,5,0,0,,,,1869
33.14836,-117.311227,California,San Diego County,Carlsbad,Carlsbad Unified,Kelly Elementary School,10/8/2010,Friday,12:00 PM,public,477,0,2,2,indiscriminate,41,m,w,none,0,,,,,,,,314,12,67,36,3,0,45,0,.357-caliber magnum revolver,,,45
45.084351,-87.629512,Wisconsin,Marinette County,Marinette,Marinette School District,Marinette High School,11/29/2010,Monday,1:30 PM,public,690,0,0,0,hostage suicide,15,m,w,student,1,suicide,,,,,,,658,4,17,2,8,1,0,0,handgun,,44.69,283
41.203481,-96.146049,Nebraska,Douglas County,Omaha,Millard Public Schools,Millard South High School,1/5/2011,Wednesday,12:45 PM,public,2043,1,2,3,targeted and indiscriminate,17,m,b,student,1,suicide,,,,,,,1668,79,186,32,12,6,60,0,Glock .40-caliber S&W pistol,father,135.5,475
33.866372,-118.29633,California,Los Angeles County,Los Angeles,Los Angeles Unified,Gardena High School,1/18/2011,Tuesday,10:40 AM,public,2299,0,2,2,accidental,17,m,,student,0,,,,,,,,22,610,1490,140,9,,,0,9-mm Beretta handgun,,,1556
38.735106,-120.779419,California,El Dorado County,Placerville,Placerville Union Elementary,Louisiana Schnell Elementary School,2/2/2011,Wednesday,10:37 AM,public,424,1,0,1,targeted,44,m,w,janitor,0,,,,,,,,259,2,121,3,8,0,31,0,.357-caliber revolver,legally purchased by shooter,,264
39.420621,-86.427053,Indiana,Morgan County,Martinsville,M S D Martinsville Schools,Martinsville West Middle,3/25/2011,Friday,7:00 AM,public,584,0,1,1,targeted,15,m,w,former student (expelled),0,,,,,,,,555,0,13,2,2,0,12,0,9mm handgun,friend's home,38.97,354
28.673157,-81.494124,Florida,Orange County,Apopka,Orange,Sheeler Charter High School,4/13/2011,Wednesday,12:00 PM,public,465,0,1,1,accidental,17,m,b,,0,,,,,,,,104,250,101,2,1,0,7,1,,,7,183
29.800326,-95.341835,Texas,Harris County,Houston,Houston ISD,Ross Elementary School,4/19/2011,Tuesday,10:20 AM,public,462,0,2,2,accidental,6,m,,student,0,,,,,,,,1,301,145,2,9,1,3,0,.380-caliber semi-automatic,"mother's friend, home shooter was staying",27.32,263
35.034044,-78.762384,North Carolina,Cumberland County,Fayetteville,Cumberland County Schools,Cape Fear High School,10/24/2011,Monday,1:00 PM,public,1575,0,1,1,targeted,15,m,,student,0,,,,,,,,913,437,83,9,71,3,59,0,.22-caliber Daisy rifle,,93.86,690
25.913899,-97.493734,Texas,Cameron County,Brownsville,Brownsville ISD,Cummings Middle School,1/4/2012,Wednesday,8:00 AM,public,746,1,0,1,targeted,,m,,police officer,0,,,,,,,,3,0,742,0,1,0,0,0,,department issued,49.47,0
29.868788,-95.26259,Texas,Harris County,Houston,North Forest ISD,North Forest High School,1/10/2012,Tuesday,12:30 PM,public,1274,0,1,1,targeted,18,m,,student,0,,,,,,,,8,868,395,0,2,1,0,1,handgun,,88.68,1271
43.078915,-72.426439,New Hampshire,Cheshire County,Walpole,Fall Mountain Regional School District,Walpole Elementary School,2/10/2012,Friday,11:00 AM,public,149,0,0,0,public suicide (attempted),14,m,,student,0,,,,,,,,139,0,5,1,1,0,3,0,20-gauge shotgun,,15.3,42
47.593761,-122.63622,Washington,Kitsap County,Bremerton,Bremerton School District,Armin Jahr Elementary School,2/22/2012,Wednesday,1:30 PM,public,411,0,1,1,accidental,9,m,w,student,0,,,,,,,,193,24,69,19,5,22,79,0,.45 caliber handgun,mother,25.16,310
41.591297,-81.199958,Ohio,Geauga County,Chardon,Chardon Local,Chardon High School,2/27/2012,Monday,7:30 AM,public,1058,3,3,6,indiscriminate,17,m,w,"student at neighboring school, rode bus with some victims",0,,,,,,,,1028,5,9,4,4,0,8,0,Ruger MK III .22 caliber semi-automatic handgun,uncle,58,193
30.308617,-81.617917,Florida,Duval County,Jacksonville,,Episcopal School of Jacksonville,3/6/2012,Tuesday,1:15 PM,private,869,1,0,1,targeted,28,m,w,fired teacher,1,suicide,,,,,,,753,44,25,5,3,0,39,0,AK-47 assault-style rifle,legally purchased at gun show,92.8,
30.714209,-88.086526,Alabama,Mobile County,Mobile,Mobile County,LeFlore High School,3/15/2012,Thursday,10:50 AM,public,921,0,0,0,targeted,16,m,b,suspended student from different campus,0,,15,m,,,0,,5,912,2,0,1,0,1,0,handgun,,56,774
35.879122,-79.068506,North Carolina,Orange County,Chapel Hill,Chapel Hill-Carrboro Schools,Mary Scroggs Elementary School,5/25/2012,Friday,2:00 PM,public,614,1,0,1,targeted,49,m,,parent of students,0,,,,,,,,325,32,106,66,1,0,84,0,Charter Arms .44 Bulldog revolver,,42.73,135
39.39186,-76.466091,Maryland,Baltimore County,Baltimore,Baltimore County Public Schools,Perry Hall High School,8/27/2012,Monday,10:45 AM,public,2209,0,1,1,indiscriminate,15,m,w,student,0,,,,,,,,1361,508,79,213,2,1,45,1,shotgun,,129.6,550
40.533285,-88.914486,Illinois,Mclean County,Normal,Mclean County USD 5,Normal Community High School,9/7/2012,Friday,8:00 AM,public,1895,0,0,0,indiscriminate,14,m,w,student,0,,,,,,,,1314,196,145,124,8,5,103,0,.22-caliber Ruger pistol,,164,409
41.41978,-73.277751,Connecticut,Fairfield County,Newtown,Newtown School District,Sandy Hook Elementary School,12/14/2012,Friday,9:35 AM,public,454,26,2,28,indiscriminate,20,m,w,former student,1,suicide,,,,,,,389,15,22,23,0,0,5,0,Bushmaster XM15-E2S rifle,mother,35.76,23
26.64062,-81.834212,Florida,Lee County,Fort Myers,,Apostolic Revival Center and Christian School,1/7/2013,Monday,11:00 AM,private,22,1,0,1,targeted,,,,,0,,,,,,,,0,22,0,0,0,0,0,0,,,3,
35.146256,-119.460383,California,Kern County,Taft,Taft Union High,Taft Union High School,1/10/2013,Thursday,9:00 AM,public,939,0,2,2,targeted,16,m,w,student,0,,,,,,,,487,9,384,6,22,12,19,0,12-gauge shotgun,older brother,62.89,502
33.708772,-84.387442,Georgia,Fulton County,Atlanta,Atlanta Public Schools,Price Middle School,1/31/2013,Thursday,1:50 PM,public,403,0,1,1,targeted,15,m,,student,0,,,,,,,,0,380,20,0,0,0,3,1,small-caliber handgun,,36,384
39.189162,-84.586704,Ohio,Hamilton County,Cincinnati,,La Salle High School,4/29/2013,Monday,8:00 AM,private,708,0,0,0,public suicide,17,m,,student,0,,,,,,,,613,71,4,3,0,0,17,0,.45-caliber semi-automatic handgun,family member,40.1,
25.5369,-80.453001,Florida,Miami-Dade County,Homestead,Dade,Redland Middle School,5/23/2013,Thursday,,public,493,0,1,1,accidental,11,m,,student,0,,,,,,,,44,185,257,3,0,0,4,0,.38 caliber handgun,,30,448
33.7273,-84.3068,Georgia,Dekalb County,Decatur,Dekalb County,Ronald E. McNair Discovery Learning Academy,8/20/2013,Tuesday,12:51 PM,public,822,0,0,0,targeted and indiscriminate,20,m,w,none apparent,0,,,,,,,,9,786,23,0,0,0,4,0,".762-caliber AK-47-style weapon, manufactured by Romarm/Cugar",acquaintence of shooter,47.8,810
36.1343,-80.2066,North Carolina,Forsyth County,Winston-Salem,Winston Salem/Forsyth County Schools,Carver High School,8/30/2013,Friday,2:25 PM,public,565,0,1,1,targeted,18,m,b,student,0,,,,,,,,23,411,96,4,2,1,28,1,.38 caliber handgun,,43.01,502
28.57586,-81.475051,Florida,Orange County,Pine Hills,,Agape Christian Academy,10/4/2013,Friday,2:00 PM,private,331,0,2,2,targeted,,,,none,0,,,,,,,,3,259,4,0,0,65,0,0,,,22,
30.3606,-97.708,Texas,Travis County,Austin,Austin ISD,Lanier High School,10/15/2013,Tuesday,12:04 PM,public,1554,0,0,0,public suicide,16,m,h,student,1,suicide,,,,,,,61,138,1273,51,15,0,16,1,handgun,,108.34,613
39.5517,-119.7694,Nevada,Washoe County,Sparks,Washoe County School District,Sparks Middle School,10/21/2013,Monday,7:15 AM,public,721,1,2,3,indiscriminate,12,m,h,student,1,suicide,,,,,,,146,13,501,26,4,9,22,0,Ruger SR9C semi-automatic handgun (9mm),father,35,538
34.0271,-117.7144,California,San Bernardino County,Chino,Chino Valley Unified,Newman Elementary School,10/23/2013,Wednesday,11:14 AM,public,745,0,3,3,accidental,8,m,,student,0,,,,,,,,75,17,627,21,0,0,5,1,AR-15,police weapon,25.5,543
28.5428,-81.5673,Florida,Orange County,Winter Garden,Orange,West Orange High School,12/4/2013,Wednesday,1:15 PM,public,3749,0,1,1,targeted,17,m,b,student,0,,,,,,,,1927,594,898,211,28,11,80,1,,,158,1255
39.5817,-104.9628,Colorado,Arapahoe County,Centennial,"Littleton, School District No. 6, In The County Of Arapahoe",Arapahoe High School,12/13/2013,Friday,12:30 PM,public,2273,1,0,1,targeted,18,m,w,student,1,suicide,,,,,,,1879,26,225,57,9,3,74,1,Savage Arms Stevens Model 320 pump-action shotgun,legally purchased by shooter at Cabela's,98.96,200
35.675,-88.7593,Tennessee,Madison County,Jackson,Madison County,Liberty Technology Magnet High School,1/9/2014,Thursday,2:21 PM,public,802,0,1,1,targeted,16,m,b,student,0,,,,,,,,275,503,15,2,2,0,5,0,handgun,,60.3,561
33.4736,-104.5115,New Mexico,Chaves County,Roswell,Roswell Independent Schools,Berrendo Middle School,1/14/2014,Tuesday,7:30 AM,public,632,0,3,3,targeted,12,m,w,student,0,,,,,,,,311,6,302,9,1,2,1,1,shotgun,,36.5,365
40.0344,-76.2998,Pennsylvania,Lancaster County,Lancaster,Lancaster SD,King Elementary School,1/15/2014,Wednesday,2:48 PM,public,540,0,0,0,unclear,,,,,0,,,,,,,,20,69,425,7,0,0,19,1,handgun,,40.2,498
40.0331,-75.1446,Pennsylvania,Philadelphia County,Philadelphia,Delaware Valley CHS,Delaware Valley Charter School,1/17/2014,Friday,3:20 PM,public,680,0,2,2,accidental or targeted,17,m,b,student,0,,,,,,,,0,675,5,0,0,0,0,1,handgun,purchased from friend,42,512
37.727439,-89.227812,Illinois,Jackson County,Carbondale,Carbondale CHSD 165,Rebound High School,1/27/2014,Monday,12:00 PM,public,100,0,1,1,targeted,18,m,b,student,0,,,,,,,,,,,,,,,0,handgun,,,
21.3104,-157.8372,Hawaii,Honolulu County,Honolulu,Hawaii Department Of Education,President Theodore Roosevelt High,1/28/2014,Tuesday,8:30 AM,public,1416,0,1,1,targeted,,,,police officer,0,,,,,,,,72,17,36,846,6,338,97,0,,department issued,77,588
44.0523,-121.2959,Oregon,Deschutes County,Bend,Bend-Lapine Administrative SD 1,Bend High School,2/7/2014,Friday,12:00 PM,public,1642,0,0,0,public suicide,17,m,,student,1,suicide,,,,,,,1368,21,180,25,23,4,21,0,hunting rifle,legally owned by shooter,62.77,1368
35.6648,-80.4849,North Carolina,Rowan County,Salisbury,Rowan-Salisbury Schools,Salisbury High School,2/10/2014,Monday,2:41 PM,public,858,0,1,1,targeted,17,m,b,,0,,,,,,,,274,399,140,22,5,0,18,1,9mm gun (type unknown),,54.53,577
39.094,-94.5688,Missouri,Jackson County,Raytown,Kansas City 33,Success Academy,2/20/2014,Thursday,10:30 AM,public,175,1,0,1,targeted,42,m,b,father of student,0,,,,,,,,,,,,,,,0,.45-caliber handgun ,legally purchased at pawn shop that morning,28.4,
33.593,-84.5176,Georgia,Fulton County,College Park,Fulton County,Benjamin Banneker High School,3/25/2014,Tuesday,1:00 PM,public,1537,0,0,0,targeted,,,,,0,,,,,,,,3,1483,41,2,1,0,7,1,,,100.7,1376
35.5306,-77.3248,North Carolina,Pitt County,Greenville,Pitt County Schools,D. H. Conley High School,4/9/2014,Wednesday,1:30 PM,public,1591,0,0,0,indiscriminate,17,m,b,student at rival school,0,,17,m,w,student at rival school,0,,973,395,138,27,5,0,53,0,.45-caliber handgun,,87.89,528
45.5285,-122.4026,Oregon,Multnomah County,Troutdale,Reynolds SD 7,Reynolds High School,6/10/2014,Tuesday,8:07 AM,public,2806,1,1,2,indiscriminate,15,m,w,student,1,suicide,,,,,,,1208,231,917,263,21,41,125,1,M4 AR-15 rifle,brother,106.78,1744
25.84814,-80.243461,Florida,Miami-Dade County,Miami,Dade,Stellar Leadership Academy,9/9/2014,Tuesday,,public,233,0,1,1,targeted,,,,,0,,,,,,,,0,204,29,0,0,0,0,0,,,13,62
38.156605,-85.592357,Kentucky,Jefferson County,Louisville,Jefferson County,Fern Creek High School,9/30/2014,Tuesday,1:00 PM,public,1545,0,1,1,targeted,16,m,b,student,0,,,,,,,,716,577,136,73,1,1,41,1,handgun,,82.9,930
35.371268,-80.193152,North Carolina,Stanly County,Albemarle,Stanly County Schools,Albemarle High School,9/30/2014,Tuesday,7:40 AM,public,464,0,1,1,targeted,15,m,,student,0,,,,,,,,199,180,30,23,3,0,29,1,handgun,,34.66,327
48.09582,-122.154021,Washington,Snohomish County,Marysville,Marysville School District,Marysville Pilchuck High School,10/24/2014,Friday,10:39 AM,public,1253,4,1,5,targeted,15,m,n,student,1,suicide,,,,,,,736,25,250,46,77,1,118,1,.40-caliber Beretta Px4 Storm handgun,father,55.3,532
45.004709,-93.177024,Minnesota,Ramsey County,Roseville,,Hand in Hand Montessori,1/26/2015,Monday,3:07 PM,private,288,0,0,0,indiscriminate,48,m,,,1,suicide,,,,,,,178,5,3,12,0,0,0,0,,,21.4,
47.051956,-122.83241,Washington,Thurston County,Lacey,North Thurston Public Schools,North Thurston High School,4/27/2015,Monday,7:25 AM,public,1477,0,0,0,indiscriminate,16,m,,student,0,,,,,,,,842,73,237,165,22,22,116,1,.357 Magnum,father,70.4,546
33.459564,-81.937992,Georgia,Richmond County,Augusta,Richmond County,W.S. Hornsby Elementary School,8/25/2015,Tuesday,10:45 AM,public,742,0,1,1,accidental,,m,,student,0,,,,,,,,12,717,3,0,0,2,8,1,.380 semi-automatic handgun,grandmother's boyfriend,,
43.43212,-96.6998,South Dakota,Lincoln County,Harrisburg,Harrisburg School District 41-2,Harrisburg High School,9/30/2015,Wednesday,10:00 AM,public,802,0,1,1,targeted,16,m,w,student,0,,,,,,,,738,12,17,9,10,0,16,0,handgun,,64.2,117
29.45738,-98.3578,Texas,Bexar County,San Antonio,Judson ISD,Karen Wagner High School,10/15/2015,Thursday,9:15 AM,public,2260,0,0,0,targeted,22,f,b,friend of student,0,,,,,,,,203,678,1299,38,5,3,34,1,,,145.7,1620
31.175943,-83.804368,Georgia,Colquitt County,Moultrie,Colquitt County,Vereen School,11/5/2015,Thursday,,public,40,0,0,0,targeted,,m,,student,0,,,,,,,,,,,,,,,1,semiautomatic pistol,department issued,,
28.824494,-82.499153,Florida,Citrus County,Lecanto,Citrus,Lecanto High School,11/10/2015,Tuesday,10:30 AM,public,1567,0,0,0,public suicide,15,m,,student,0,,,,,,,,1243,72,132,59,12,1,48,1,Walther P1 9mm semiautomatic handgun,,84,839
33.6514,-92.7796,Arkansas,Ouachita County,Camden,Harmony Grove School District,Harmony Grove High School,1/13/2016,Wednesday,3:00 PM,public,393,0,1,1,accidental,17,m,,student,0,,,,,,,,294,69,20,3,0,1,6,0,pistol,,47.17,195
39.96367,-75.162,Pennsylvania,Philadelphia County,Philadelphia,Philadelphia City SD,Benjamin Franklin High School,1/29/2016,Friday,12:00 PM,public,612,0,0,0,targeted,16,m,,,0,,,,,,,,9,516,46,31,1,0,9,0,.45-caliber handgun,,44.42,612
33.53216,-112.221,Arizona,Maricopa County,Glendale,Glendale Union High School District,Independence High School,2/12/2016,Friday,7:53 AM,public,2114,1,0,1,targeted,15,f,,student,1,suicide,,,,,,,247,190,1535,42,29,3,68,0,9mm Beretta pistol,"classmate, who took from parents",89.6,1584
39.53385,-84.4433,Ohio,Butler County,Middletown,Madison Local,Madison High School,2/29/2016,Monday,11:15 AM,public,1543,0,4,4,indiscriminate,14,m,w,student,0,,,,,,,,1495,9,13,2,0,3,21,1,Sig Sauer P238,family home,33.5,248
33.61291,-86.682,Alabama,Jefferson County,Birmingham,Birmingham City,Huffman High School,3/15/2016,Tuesday,2:30 PM,public,1433,0,1,1,targeted,19,m,b,brother of student,0,,,,,,,,13,1341,63,2,6,0,8,1,,,66,775
30.371983,-103.665798,Texas,Brewster County,Alpine,Alpine ISD,Alpine High School,9/8/2016,Thursday,9:00 AM,public,292,0,1,1,targeted,14,f,,student,1,suicide,,,,,,,97,2,190,1,0,1,1,0,9-mm. semi-automatic handgun,,31.32,111
34.56311,-82.903471,South Carolina,Anderson County,Townville,Anderson 04,Townville Elementary School,9/28/2016,Wednesday,1:45 PM,public,295,1,2,3,indiscriminate,14,m,w,former student,0,,,,,,,,265,13,3,2,0,1,11,0,.40 caliber pistol,father,19,186
30.743233,-88.080692,Alabama,Mobile County,Prichard,Mobile County,CF Vigor High School,10/11/2016,Tuesday,3:45 PM,public,710,0,1,1,targeted,16,m,b,,0,,,,,,,,13,693,2,0,1,0,1,1,,,41,511
40.00952,-82.974011,Ohio,Franklin County,Columbus,Columbus City School District,Linden-McKinley STEM Academy,10/13/2016,Thursday,2:40 PM,public,719,0,2,2,targeted,,m,,,0,,,,,,,,56,582,35,2,1,0,43,1,,,50,619
37.719558,-122.425241,California,San Francisco County,San Francisco,San Francisco Unified,June Jordan High School for Equity,10/18/2016,Tuesday,3:20 PM,public,258,0,4,4,targeted,,m,,,0,,,,,,,,8,48,157,28,1,5,11,0,pistols,,23.72,198
40.60715,-111.873061,Utah,Salt Lake County,Sandy,Canyons District,Union Middle School,10/25/2016,Tuesday,3:00 PM,public,907,0,1,1,targeted,14,m,,student,0,,,,,,,,592,15,226,16,5,21,32,1,,mother,,389
43.60478,-84.0783,Michigan,Bay County,Auburn,Bay City School District,Bay City Western High School,11/11/2016,Friday,12:30 PM,public,1256,0,1,1,accidental,50,m,w,resource officer,0,,,,,,,,1176,6,36,10,4,0,24,1,.380-caliber Sig Sauer pistol,legally purchased by shooter,57.55,292
40.872489,-111.861172,Utah,Davis County,Bountiful,Davis District,Mueller Park Jr. High,12/1/2016,Thursday,8:13 AM,public,813,0,0,0,indiscriminate,15,m,w,student,0,,,,,,,,661,14,78,17,2,19,22,1,12-gauge shotgun,parent,,145
40.21594,-83.756761,Ohio,Champaign County,West Liberty,West Liberty-Salem Local,West Liberty-Salem Middle/High School,1/20/2017,Friday,7:36 AM,public,622,0,2,2,indiscriminate,17,m,w,student,0,,,,,,,,590,1,3,3,1,1,23,0,Mossberg Model 500 12 gauge shotgun,gift from grandparents,38.4,0
30.53365,-91.177851,Louisiana,East Baton Rouge Parish,Baton Rouge,East Baton Rouge Parish,Scotlandville Magnet High School,2/6/2017,Monday,12:00 PM,public,1388,0,0,0,targeted,14,m,,student,0,,,,,,,,10,1370,4,0,0,0,4,1,handgun,,,770
32.378702,-86.271649,Alabama,Montgomery County,Montgomery,Montgomery County,Robert E. Lee High School,3/16/2017,Thursday,3:00 PM,public,1514,0,1,1,targeted,16,m,m,student,,,,,,,,,132,1253,90,20,2,0,17,0,.40-caliber handgun,,82.5,941
34.179206,-117.301804,California,San Bernardino County,San Bernardino,San Bernardino City Unified,North Park Elementary School,4/10/2017,Monday,10:30 AM,public,531,2,1,3,targeted,53,m,b,husband of teacher,1,suicide,,,,,,,61,60,360,9,3,0,38,0,Smith & Wesson .357 Magnum revolver,,19,407
30.29966,-93.2032,Louisiana,Calcasieu Parish,Lake Charles,Calcasieu Parish,Moss Bluff Elementary School,5/15/2017,Monday,7:50 AM,public,963,0,1,1,accidental,7,m,w,student,0,,,,,,,,754,118,36,14,2,0,39,0,.380 caliber semi-automatic handgun,"father's gun, kept by 17 year old who shared room with shooter",69.56,439
32.70713,-87.589,Alabama,Hale County,Greensboro,Hale County,Greensboro High School,5/24/2017,Wednesday,11:30 AM,public,464,0,0,0,targeted,,m,,student,0,,,,,,,,3,457,1,0,0,0,3,0,.22 caliber revolver,,26.5,373
41.726922,-87.575184,Illinois,Cook County,Chicago,City of Chicago SD 299,Warren Elementary School,6/16/2017,Friday,1:51 PM,public,280,0,2,2,targeted,,m,b,,0,,,,,,,,0,275,4,0,0,0,1,1,,,14.1,263
39.90163,-82.9958,Ohio,Franklin County,Columbus,Columbus City School District,Columbus Scioto 6-12,9/8/2017,Friday,8:33 AM,public,127,0,0,0,indiscriminate,18,m,b,,0,,,,,,,,46,71,4,0,0,0,6,0,.38-caliber handgun,,34,127
47.519667,-117.19638,Washington,Spokane County,Rockford,Freeman School District,Freeman High School,9/13/2017,Wednesday,10:00 AM,public,330,1,3,4,indiscriminate,15,m,w,student,0,,,,,,,,282,7,23,5,4,0,9,1,"AR-15, pistol",father,16.61,69
39.474405,-88.386955,Illinois,Coles County,Mattoon,Mattoon CUSD 2,Mattoon High School,9/20/2017,Wednesday,11:30 AM,public,1047,0,1,1,targeted,14,m,w,student,0,,,,,,,,931,36,40,9,1,1,29,1,.40-caliber Ruger semiautomatic pistol,stepfather,58.05,518
42.73889,-84.5243,Michigan,Ingham County,Lansing,Lansing Public School District,Pattengill Academy,11/3/2017,Friday,4:30 PM,public,506,0,1,1,accidental,21,m,b,,0,,,,,,,,135,180,125,11,4,0,51,0,handgun,puchased legally by shooter from Dicker & Deal,27.84,393
33.59297,-84.5176,Georgia,Fulton County,College Park,Fulton County,Benjamin Banneker High School,11/9/2017,Thursday,3:25 PM,public,1547,0,2,2,accidental,,,,,0,,,,,,,,6,1478,49,2,1,0,11,1,small-caliber handgun,,106.9,1544
40.015716,-122.398455,California,Tehama County,Corning,Corning Union Elementary,Rancho Tehama Elementary School,11/14/2017,Tuesday,7:50 AM,public,101,0,2,2,targeted and indiscriminate,44,m,w,had beef with family of student at school,1,suicide,,,,,,,44,2,49,3,2,0,1,0,handmade AR-15-type rifle,contructed from parts legally purchased by shooter,5.1,84
36.820644,-107.990379,New Mexico,San Juan County,Aztec,Aztec Municipal Schools,Aztec High School,12/7/2017,Thursday,8:04 AM,public,905,2,0,2,indiscriminate,21,m,w,former student,1,suicide,,,,,,,495,7,225,2,170,2,4,0,9mm Glock,legally purchased by shooter,52.5,432
35.95795,-80.0231,North Carolina,Guilford County,High Point,Guilford County Schools,High Point Central High School,12/11/2017,Monday,2:08 PM,public,1442,0,0,0,targeted,15,m,b,,0,,,,,,,,437,589,216,147,6,0,47,1,handgun,,94.67,904
29.93996,-90.079691,Louisiana,Orleans Parish,New Orleans,Rsd-educators For Quality Alternatives,The NET Charter High School,1/22/2018,Monday,1:30 PM,public,172,0,0,0,targeted,,,,,0,,,,,,,,5,151,16,0,0,0,0,0,,,19.94,
32.181129,-96.878968,Texas,Ellis County,Italy,Italy ISD,Italy High School,1/22/2018,Monday,7:53 AM,public,288,0,1,1,targeted,16,m,w,student,0,,,,,,,,141,43,94,0,0,0,10,0,semi-automatic .380 caliber handgun,,29.21,173
36.912835,-88.332917,Kentucky,Marshall County,Benton,Marshall County,Marshall County High School,1/23/2018,Tuesday,7:57 AM,public,1384,2,14,16,indiscriminate,15,m,w,student,0,,,,,,,,1353,1,14,2,3,0,11,1,handgun,stepfather's bedroom,73.1,584
30.6828,-88.0867,Alabama,Mobile County,Mobile,Mobile County,Murphy High School,1/25/2018,Thursday,11:20 AM,public,2100,0,0,0,targeted,16,m,b,student,0,,,,,,,,402,1565,62,42,3,2,24,1,revolver,stolen,120,905
34.06169,-118.265,California,Los Angeles County,Los Angeles,Los Angeles Unified,Salvador B. Castro Middle School,2/1/2018,Thursday,9:00 AM,public,345,0,5,5,accidental,12,f,,student,0,,,,,,,,2,8,311,21,0,0,3,0,semi-automatic handgun,,15.83,309
26.304483,-80.269365,Florida,Broward County,Parkland,Broward,Marjory Stoneman Douglas High School,2/14/2018,Wednesday,2:21 PM,public,3158,17,17,34,indiscriminate,19,m,w,former student (expelled),0,,,,,,,,1871,364,623,210,17,2,71,1,Smith & Wesson M&P15,legally purchased by shooter,129,710
34.77972,-84.99053,Georgia,Whitfield County,Dalton,Dalton City,Dalton High School,2/28/2018,Wednesday,11:30 AM,public,1829,0,0,0,indiscriminate,53,m,w,teacher,0,,,,,,,,458,103,1192,36,2,0,38,1,.38-caliber snub-nosed revolver,,101.7,1152
33.61291,-86.682,Alabama,Jefferson County,Birmingham,Birmingham City,Huffman High School,3/7/2018,Wednesday,3:45 PM,public,1433,1,0,1,accidental,17,m,b,student,0,,,,,,,,13,1341,63,2,6,0,8,1,pistol,,66,775
36.62444,-121.838,California,Monterey County,Seaside,Monterey Peninsula Unified,Seaside High School,3/13/2018,Tuesday,1:20 PM,public,1059,0,3,3,accidental,,m,w,teacher,0,,,,,,,,113,79,680,107,1,35,44,0,Glock 21 .45-caliber handgun,department issued,52.75,736
46.850867,-114.057737,Montana,Missoula County,Missoula,Missoula H S,Big Sky High School,3/16/2018,Friday,12:45 PM,public,1075,0,0,0,targeted,,m,,resource officer,0,,,,,,,,903,17,58,21,70,6,0,1,pistol,department issued,68.29,405
36.81828,-76.3393,Virginia,Portsmouth City,Portsmouth,Portsmouth City Pblc Schs,Douglass Park Elementary School,3/19/2018,Monday,4:23 PM,public,761,0,1,1,unclear,,,,,0,,,,,,,,5,738,8,2,1,0,7,0,,,44,758
38.24743,-76.4875,Maryland,St. Mary's County,Great Mills,St. Mary's County Public Schools,Great Mills High School,3/20/2018,Tuesday,7:55 AM,public,1535,1,1,2,targeted,17,m,w,student,1,suicide,,,,,,,657,577,121,76,4,1,99,1,Glock semi-automatic handgun,father,86.3,554
33.543141,-89.274143,Mississippi,Webster County,Europa,Webster Co School Dist,Eupora High School,3/28/2018,Wednesday,2:40 PM,public,472,0,0,0,indiscriminate,20,m,w,,,,,,,,,,310,142,4,0,0,0,16,0,9mm handgun,,26.59,313
42.2499,-84.4185,Michigan,Jackson County,Jackson,Jackson Public Schools,Jackson High School,4/19/2018,Thursday,1:44 PM,public,1139,0,0,0,unclear,,,,,,,,,,,,,577,342,75,33,3,2,107,0,handgun,,56.04,693
29.14362,-82.066682,Florida,Marion County,Ocala,Marion,Forest High School,4/20/2018,Friday,8:39 AM,public,2181,0,1,1,indiscriminate,19,m,,former student,0,,,,,,,,1396,336,298,24,16,2,109,1,shotgun,,101,1048
33.7339,-84.5038,Georgia,Fulton County,Atlanta,Atlanta Public Schools,Benjamin Elijah Mays High School,4/23/2018,Monday,1:00 PM,public,1256,0,0,0,targeted,19,m,b,,,,,,,,,,2,1166,80,0,2,0,6,0,,,85.7,987
35.074841,-106.592413,New Mexico,Bernalillo County,Albuquerque,Albuquerque Public Schools,Highland High School,4/25/2018,Wednesday,2:30 PM,public,1163,0,1,1,targeted,,m,h,father of student,0,,,,,,,,98,100,818,21,86,2,38,0,handgun,owner's gun,80.19,1161
34.591755,-118.175561,California,Los Angeles County,Palmdale,Antelope Valley Union High,Highland High School,5/11/2018,Friday,7:05 AM,public,2931,0,1,1,targeted,14,m,,student,0,,,,,,,,462,453,1742,159,19,5,91,0,rifle,,126.42,1717
41.847128,-89.488508,Illinois,Lee County,Dixon,Dixon USD 170,Dixon High School,5/16/2018,Wednesday,8:00 AM,public,803,0,0,0,targeted,19,m,w,student,0,,,,,,,,650,24,51,17,1,0,60,1,rifle,mother,40.6,347
29.393257,-95.143149,Texas,Galveston County,Santa Fe,Santa Fe ISD,Santa Fe High School,5/18/2018,Friday,7:30 AM,public,1462,10,13,23,indiscriminate,17,m,w,student,0,,,,,,,,1136,10,278,8,9,1,20,1,Remington 870 shotgun and a .38-caliber revolver,,83.38,287
40.07825,-86.029001,Indiana,Hamilton County,Noblesville,Noblesville Schools,Noblesville West Middle School,5/25/2018,Friday,9:06 AM,public,1354,0,2,2,targeted,13,m,,student,0,,,,,,,,1179,28,82,22,0,1,42,1,".22 caliber gun, .45 caliber gun",,64,268
35.236843,-80.812768,North Carolina,Mecklenburg County,Charlotte,Charlotte-Mecklenburg Schools,Villa Heights Elementary School,8/30/2018,Thursday,7:30 AM,public,100,0,0,0,targeted,34,m,b,former boyfriend of student's mother,0,,,,,,,,24,73,15,6,0,0,4,0,.45 caliber pistol,stolen,9.63,119
36.233566,-115.135695,Nevada,Clark County,North Las Vegas,Clark County School District,Canyon Springs High School,9/11/2018,Tuesday,2:35 PM,public,2887,1,0,1,targeted,16,m,b,student,0,,,,,,,,154,793,1757,56,4,18,105,1,,,115,2321
35.225991,-80.743914,North Carolina,Mecklenburg County,Charlotte,Charlotte-Mecklenburg Schools,Lawrence Orr Elementary School,9/24/2018,Monday,9:00 AM,public,860,0,0,0,targeted,24,m,b,,,,,,,,,,27,292,423,92,0,1,25,0,,,45.27,857
61.213281,-149.881113,Alaska,Anchorage Municipality,Anchorage,Anchorage School District,Denali Montessori Elementary School,10/3/2018,Wednesday,10:00 AM,public,429,0,1,1,targeted,26,m,b,boyfriend of parent,0,,,,,,,,192,22,50,31,44,27,63,0,Sig Sauer .40 caliber handgun,,26.7,178
42.33419,-85.207497,Michigan,Calhoun County,Battle Creek,,Battle Creek Academy,10/12/2018,Friday,1:00 PM,private,111,0,0,0,unclear,,,,,,,,,,,,,53,17,9,26,0,0,6,0,,,9.9,
41.177547,-73.164585,Connecticut,Fairfield County,Bridgeport,Bridgeport School District,Paul Laurence Dunbar School,10/22/2018,Monday,8:15 AM,public,416,0,0,0,targeted,18,m,,,,,,,,,,,15,139,186,2,2,0,14,0,handgun,,24,377
35.1203,-80.6916,North Carolina,Mecklenburg County,Matthews,Charlotte-Mecklenburg Schools,Butler High School,10/29/2018,Monday,7:00 AM,public,2133,1,0,1,targeted,16,m,b,student,0,,,,,,,,860,681,410,86,9,1,86,1,.380 pistol,stolen,114.21,876
36.82682,-76.36628,Virginia,Portsmouth City,Portsmouth,Portsmouth City Pblc Schs,Simonsdale Elementary School,11/20/2018,Tuesday,3:45 PM,public,702,0,1,1,accidental,29,m,b,parent of student,0,,,,,,,,432,217,24,6,0,1,22,0,handgun,,41,351
39.832,-84.9114,Indiana,Wayne County,Richmond,Richmond Community Schools,Dennis Intermediate School,12/13/2018,Thursday,8:00 AM,public,647,0,0,0,indiscriminate,14,m,,student,1,suicide,,,,,,,454,48,64,2,0,0,79,1,handgun and a rifle,,59.5,527
44.0788,-123.1667,Oregon,Lane County,Eugene,Bethel Sd 52,Cascade Middle School,1/11/2019,Friday,10:30 AM,public,336,0,0,0,targeted,30,m,,father of student,1,police shooting,,,,,,,224,1,79,6,7,3,16,1,handgun,,16.6,248
44.994017,-93.300234,Minnesota,Hennepin County,Minneapolis,Minneapolis Public School District,North High School,1/16/2019,Wednesday,12:30 PM,public,382,0,0,0,unclear,,,,,,,,,,,,,6,339,15,6,7,1,8,0,,,49.28,276
39.3148,-76.6549,Maryland,Baltimore City,Baltimore,Baltimore City Public Schools,Frederick Douglass High School,2/8/2019,Friday,12:00 PM,public,877,0,1,1,targeted,25,m,,brother of student,0,,,,,,,,8,864,2,0,3,0,0,0,Smith and Wesson .40 caliber gun,,62,
35.312773,-106.641929,New Mexico,Sandoval County,Rio Rancho,Rio Rancho Public Schools,V. Sue Cleveland High School,2/14/2019,Thursday,7:15 AM,public,2404,0,0,0,targeted and indiscriminate,16,m,,student,0,,,,,,,,795,63,1284,35,97,2,128,0,.45 caliber handgun,,123.06,750
32.378702,-86.271649,Alabama,Montgomery County,Montgomery,Montgomery County,Robert E. Lee High School,2/26/2019,Tuesday,11:00 AM,public,1514,0,1,1,targeted,16,m,b,student,0,,,,,,,,132,1253,90,20,2,0,17,0,.40-caliber handgun,stolen from neighbor,82.5,941
39.0168,-94.6409,Kansas,Johnson County,Mission,Shawnee Mission Pub Sch,Highlands Elementary School,3/1/2019,Friday,1:30 PM,public,321,0,0,0,indiscriminate,26,m,w,neighbor of school,0,,,,,,,,270,5,20,2,0,0,24,0,handgun,,27.2,48
34.0847,-86.586,Alabama,Blount County,Blountsville,Blount County,Blountsville Elementary School,3/22/2019,Friday,12:30 PM,public,632,0,1,1,accidental,72,m,w,substitute teacher,0,,,,,,,,516,4,110,0,2,0,0,0,Taurus .380 pistol,legally purchased by shooter,37.39,425
33.791237,-93.377376,Arkansas,Nevada County,Prescott,Prescott School District,Prescott High School,4/1/2019,Monday,9:14 AM,public,457,0,1,1,targeted,14,,,student,0,,,,,,,,246,182,21,4,4,0,0,0,handgun,,42.07,310
38.5333,-121.4182,California,Sacramento County,Sacramento,Sacramento City Unified,New Joseph Bonnheim Community Charter School,4/3/2019,Wednesday,1:45 PM,public,370,0,0,0,unclear,,,,,,,,,,,,,38,38,194,17,2,1,17,0,,,12.5,253
30.371086,-81.695138,Florida,Duval County,Jacksonville,Duval,Saint Clair Evans Academy,4/3/2019,Wednesday,11:00 AM,public,380,0,0,0,unclear,,,,,,,,,,,,,5,367,3,0,0,0,5,0,,,29,336
43.059497,-83.73516,Michigan,Genesee County,Flint,Flex High School Of Michigan,Flex High School,4/17/2019,Wednesday,10:00 AM,public,120,0,0,0,targeted,16,,,student,0,,,,,,,,9,106,2,0,0,0,3,0,,,3,117
39.5559,-104.9979,Colorado,Douglas County,Highlands Ranch,Douglas County School District NO. Re 1,STEM School Highlands Ranch,5/7/2019,Tuesday,1:52 PM,public,1850,1,8,9,indiscriminate,16,m,w,student,0,,18,m,w,student,0,,1074,5,184,242,5,1,87,1,"Glock 21 .45-caliber semi-automatic pistol, Beretta M9 9mm semi-automatic pistol, Taurus Revolver and a Ruger 10/22 .22-caliber semi-automatic rifle",parent,82.62,89
42.35333175,-87.83950925,Illinois,,Waukegan,,Menta Academy North,6/10/2019,Monday,1:45 PM,private,100,0,0,0,targeted,27,m,h,,0,,15,m,,,0,,,,,,,,,1,2 handguns,,,
38.828872,-76.999555,District of Columbia,District of Columbia,Washington,District Of Columbia Public Schools,Hendley Elementary School,6/12/2019,Wednesday,4:20 PM,public,379,0,0,0,unclear,,,,,,,,,,,,,0,378,0,1,0,0,0,0,,,29.5,
32.3106,-86.1324,Alabama,Montgomery County,Montgomery,Montgomery County,Blount Elementary School,8/8/2019,Thursday,7:26 AM,public,150,0,0,0,targeted,38,m,b,father of student,0,,,,,,,,150,116,25,121,1,0,12,0,pistol,,25,65
34.036765,-118.212583,California,Los Angeles County,Los Angeles,Los Angeles Unified,Hollenbeck Middle School,8/27/2019,Tuesday,11:00 AM,public,1023,0,1,1,unclear,,,,,,,,,,,,,11,4,999,4,3,1,1,0,,,47.83,982
33.521766,-81.71303,South Carolina,Aiken County,Aiken,Aiken 01,South Aiken High School,9/10/2019,Tuesday,,public,1405,0,0,0,unclear,,,,,,,,,,,,,840,391,99,19,6,1,49,0,,,78.8,441
38.896669,-76.933728,District of Columbia,District of Columbia,Washington,District Of Columbia Public Schools,Aiton Elementary School,9/25/2019,Wednesday,,public,243,0,0,0,targeted,,,,,,,,,,,,,0,238,5,0,0,0,0,0,,,21,
38.4497,-122.7226,California,Sonoma County,Santa Rosa,Santa Rosa High,Ridgway High School,10/22/2019,Tuesday,9:00 AM,public,257,0,1,1,targeted,17,,,student,,,,,,,,,64,4,163,4,5,1,16,0,,,19.08,139
39.366066,-76.571382,Maryland,Baltimore City,Baltimore,Baltimore City Public Schools,Achievement Academy,11/11/2019,Monday,2:00 PM,public,343,0,1,1,targeted,,,,,,,,,,,,,4,332,5,0,1,0,1,0,,,20,343
34.041846,-118.175531,California,Los Angeles County,Los Angeles,,Esteban Torres High School,11/13/2019,Wednesday,9:00 AM,public,1876,1,0,1,targeted,,,,sheriff's deputy,,,,,,,,,9,20,1836,8,2,0,1,1,,police,97.75,1802
34.441924,-118.518128,California,Los Angeles County,Saugus,William S. Hart Union High,Saugus High School,11/14/2019,Thursday,7:38 AM,public,2441,2,3,5,indiscriminate,16,m,,student,1,suicide,,,,,,,1294,47,772,176,3,1,148,0,.45 caliber 1911 pistol,ghost gun,93.98,406
42.993,-88.2237,Wisconsin,Waukesha County,Waukesha,Waukesha School District,Waukesha South High School,12/2/2019,Monday,9:00 AM,public,946,0,1,1,targeted,,m,w,resource officer,0,,,,,,,,479,76,329,25,3,0,34,1,handgun,department issued,73.3,395
44.0225,-88.5736,Wisconsin,Winnebago County,Oshkosh,Oshkosh Area School District,Oshkosh West High School,12/3/2019,Tuesday,9:00 AM,public,1702,0,1,1,targeted,,m,w,resource officer,0,,,,,,,,1475,36,70,79,4,1,37,1,handgun,department issued,116.1,435
34.593282,-86.97216,Alabama,Morgan County,Decatur,Decatur City,Decatur High School,12/10/2019,Tuesday,8:20 AM,public,1036,0,0,0,targeted,22,m,,,0,,,,,,,,448,301,250,9,6,2,20,0,,,64.5,586
40.706963,-74.083408,New Jersey,Hudson County,Jersey City,,Sacred Heart School,12/10/2019,Tuesday,12:45 PM,private,219,0,0,0,targeted,,,,,,,,,,,,,2,180,12,5,0,0,0,0,,,11.5,
41.325823,-72.963177,Connecticut,New Haven County,New Haven,,Catholic Academy of New Haven,12/16/2019,Monday,9:00 AM,private,292,0,0,0,targeted,,m,b,,,,,,,,,,27,141,39,9,2,0,2,0,,,13,
29.692163,-95.469159,Texas,Harris County,Bellaire,Houston ISD,Bellaire High School,1/14/2020,Tuesday,4:00 PM,public,3487,1,0,1,accidental,16,m,,student,0,,,,,,,,722,695,1520,469,8,3,70,0,.32 caliber semi-automatic pistol,,203.32,1665
34.1876,-119.2135,California,Ventura County,Oxnard,Oxnard,McAuliffe Elementary School,1/23/2020,Thursday,11:30 AM,public,698,0,1,1,indiscriminate,,,,,,,,,,,,,77,16,554,31,1,1,18,0,,,32,374
40.774742,-111.900444,Utah,Salt Lake County,Salt Lake City,Salt Lake District,West High School,2/13/2020,Thursday,3:00 PM,public,2703,0,0,0,targeted,,,,student,,,,,,,,,966,127,1137,229,25,101,118,0,,,111.84,1483
38.0063,-121.8163,California,Contra Costa County,Antioch,Antioch Unified,Antioch High School,2/19/2020,Wednesday,9:30 AM,public,2061,0,0,0,targeted,15,m,,,,,,,,,,,319,421,1092,103,14,32,80,0,,,87.84,1460
35.059669,-106.583882,New Mexico,Bernalillo County,Albuquerque,Cesar Chavez Community School,Cesar Chavez Community School,2/21/2020,Friday,11:00 AM,public,203,0,0,0,unclear,,,,,,,,,,,,,13,7,154,0,26,0,3,0,,,11.36,203
26.13796,-80.424081,Florida,Broward County,Weston,,Sagemont School,3/5/2020,Thursday,12:00 PM,private,651,0,1,1,accidental,55,m,b,security guard,0,,,,,,,,,,,,,,,0,,,46,
30.3906,-81.7073,Florida,Duval County,Jacksonville,Duval,Ribault High School,10/9/2020,Friday,2:00 PM,public,1383,0,1,1,accidental,18,,,,0,,,,,,,,30,1318,11,3,0,0,21,0,.380-caliber handgun,,68,884
34.2618,-78.0429,North Carolina,Brunswick County,Leland,Brunswick County Schools,Lincoln Elementary School,11/13/2020,Friday,2:00 PM,public,594,0,1,1,accidental,,,,,0,,,,,,,,258,118,156,0,8,0,54,0,,,40,495
35.3219,-82.473,North Carolina,Handerson County,Hendersonville,Henderson County Schools,Hendersonville Middle School,11/24/2020,Tuesday,7:45 AM,public,561,0,1,1,accidental,12,m,,,0,,,,,,,,357,54,109,7,0,4,30,0,,,41,254
34.189927,-92.065921,Arkansas,Jefferson County,Pine Bluff,Watson Chapel School District,Watson Chapel Junior High,3/1/2021,Monday,9:55 AM,public,615,1,0,1,targeted,15,m,b,,,,,,,,,,91,498,12,11,0,0,3,0,handgun,,43.53,488
43.2197,-77.3036,New York,Wayne County,Ontario,Wayne Central School District,Wayne Central Middle School,3/1/2021,Monday,9:40 AM,public,693,0,1,1,targeted,19,m,w,employee,,,,,,,,,640,13,23,6,0,0,11,0,Smith and Wesson M&P .45 caliber handgun,SRO,67.09,268
41.32981839,-72.9357119,Connecticut,,New Haven,,Achievement First Amistad High School,3/4/2021,Thursday,8:10 AM,private,520,0,0,0,unclear,,,,,,,,,,,,,,,,,,,,0,,,,
34.737634,-80.11771,South Carolina,Chesterfield County,Chesterfield,Chesterfield 01,Edwards Elementary School,3/8/2021,Monday,1:30 PM,public,503,0,1,1,targeted,54,,,,,,,,,,,,307,160,2,3,0,0,31,0,,,36,503
39.94497,-82.910821,Ohio,Franklin County,Columbus,,Bishop Hartley High School,3/9/2021,Tuesday,8:50 AM,private,679,0,0,0,unclear,,,,,,,,,,,,,404,190,29,10,0,0,46,0,,,47.3,
32.428416,-87.022637,Alabama,Dallas County,Selma,Selma City Schools,Selma High School,4/1/2021,Thursday,1:00 PM,public,777,0,0,0,targeted,15,m,b,,,,,,,,,,2,771,1,1,0,1,1,0,handgun,,39,662
35.9901,-83.887,Tennessee,Knox County,Knoxville,Knox County,Austin-East Magnet High,4/12/2021,Monday,3:15 PM,public,728,0,1,1,accidental,17,m,b,,1,,,,,,,,81,584,41,1,0,0,21,1,Glock 45 handgun,,59.3,472
45.020964,-93.406233,Minnesota,Hennepin County,Ply_mouth,Robbinsdale Area Schools,Ply_mouth Middle School,4/26/2021,Monday,8:44 AM,public,1001,0,0,0,indiscriminate,12,m,w,,,,,,,,,,454,262,163,35,5,0,82,0,handgun,father's bedroom,36.5,397
39.302595,-75.623778,Delaware,Kent County,Smyrna,Smyrna School District,Smyrna Middle School,4/27/2021,Tuesday,10:25 AM,public,984,1,0,1,targeted,47,m,b,,,,,,,,,,571,286,76,16,0,2,33,0,handgun,,64,
40.622473,-73.954975,New York,Kings County,Brooklyn,Urban Dove Team Charter School,Urban Dove Team Charter School,4/29/2021,Thursday,2:45 PM,public,313,1,0,1,targeted,15,m,b,,,,16,m,b,,,,3,218,81,1,10,0,0,0,,,24,268
39.9081,-86.018,Indiana,Marion County,Indianapolis,Metropolitan School District of Lawrence Township,Mary Evelyn Castle Elementary School,4/30/2021,Friday,1:00 PM,public,672,0,1,1,targeted,32,m,,,,,,,,,,,192,247,157,18,0,1,57,0,,,34,393
34.393145,-82.238603,South Carolina,Greenwood County,Ware Shoals,Greenwood 51,Ware Shoals High School,5/5/2021,Wednesday,8:00 AM,public,272,0,0,0,public suicide,15,m,w,,1,suicide,,,,,,,212,36,16,0,0,0,8,0,handgun,mom's gun; kept in her car,20,144
43.668498,-111.941927,Idaho,Jefferson County,Rigby,Jefferson County Joint District,Rigby Middle School,5/6/2021,Thursday,9:00 AM,public,1541,0,3,3,indiscriminate,,f,,student,,,,,,,,,1334,1,169,5,3,3,26,0,handgun,,76.82,508
29.867029,-95.259744,Texas,Harris County,Houston,Houston Isd,North Forest High School,6/9/2021,Wednesday,10:30 AM,public,976,0,1,1,targeted,,,,,,,,,,,,,6,570,397,0,2,0,1,0,,,58.28,931
29.60752,-90.734161,Louisiana,Terrebonne County,Houma,,Saint Francis de Sales School,8/6/2021,Friday,1:00 PM,private,660,0,1,1,targeted,17,m,b,,,,,,,,,,556,10,5,3,3,0,29,0,,,35,
33.725,-84.1294,Georgia,Dekalb County,Lithonia,Dekalb County,Lithonia High School,8/12/2021,Thursday,3:00 PM,public,1362,0,1,1,targeted,,,,resource officer,,,,,,,,,9,1253,74,2,2,1,21,1,handgun,,88.5,1075
35.086144,-106.661691,New Mexico,Bernalillo County,Albuquerque,Albuquerque Public Schools,Washington Middle School,8/13/2021,Friday,12:45 PM,public,442,1,0,1,targeted,13,m,,,,,,,,,,,14,6,407,4,5,1,5,0,handgun,,34.4,442
33.524095,-80.836538,South Carolina,Orangeburg County,Orangeburg,Orangeburg,Orangeburg-Wilkinson High School,8/18/2021,Wednesday,4:00 PM,public,1016,0,3,3,targeted,14,m,,,,,,,,,,,17,954,30,9,2,2,2,0,,,57,1016
34.2374,-77.9324,North Carolina,New Hanover County,Wilmington,New Hanover County Schools,New Hanover High School,8/30/2021,Monday,11:00 AM,public,1529,0,1,1,targeted,15,m,b,,,,,,,,,,658,488,290,20,4,1,68,0,,,95.53,1504
36.1268,-80.3132,North Carolina,Forsyth County,Winston-Salem,Winston Salem / Forsyth County Schools,Mount Tabor High School,9/1/2021,Wednesday,12:00 PM,public,1491,1,0,1,targeted,15,m,,,,,,,,,,,509,628,252,16,5,2,79,0,,,81.76,595
35.9887,-86.5597,Tennessee,Rutherford County,Lavergne,Rutherford County,LaVergne High School,9/7/2021,Tuesday,3:30 PM,public,1910,0,0,0,targeted,15,m,,,,,,,,,,,474,608,702,66,4,4,52,0,,,115.1,1150
42.450386,-83.159362,Michigan,Oakland County,Ferndale,Ferndale Public Schools,Tri-County Education Center,9/8/2021,Wednesday,2:30 PM,public,360,0,0,0,targeted,,m,,,,,,,,,,,29,319,4,2,0,0,6,0,,,6.48,262
37.0063,-76.4272,Virginia,Newport News City,Newport News,Newport News City Pblc Schs,Heritage High School,9/20/2021,Monday,11:39 AM,public,1173,0,2,2,targeted,15,m,,,,,,,,,,,77,971,82,7,2,5,29,0,,,77.34,862
32.446371,-89.105538,Mississippi,Newton County,Decatur,Newton County School District,Newton County Elementary School,9/30/2021,Thursday,1:45 PM,public,787,0,1,1,accidental,,m,,student,0,,,,,,,,568,167,14,10,22,2,4,0,handgun,boyfriend of child's mother,60,449
35.1189,-90.0283,Tennessee,Shelby County,Memphis,Shelby County,Cummings K-8 Optional School,9/30/2021,Thursday,10:00 AM,public,495,0,1,1,targeted,13,m,,,,,,,,,,,1,488,0,0,0,0,6,0,,,29.3,
29.605766,-95.44306,Texas,Harris County,Houston,Yes Prep Public Schools Inc,YES Prep Southwest Secondary,10/1/2021,Friday,11:45 AM,public,1010,0,1,1,targeted,25,m,,former student,,,,,,,,,4,53,951,1,1,0,0,0,,,61.51,922
32.622073,-97.076321,Texas,Tarrant County,Arlington,Mansfield Isd,Timberview High School,10/6/2021,Wednesday,9:15 AM,public,1900,0,4,4,targeted,18,m,b,student,,,,,,,,,44,69,74,21,0,1,11,0,handgun,,11.22,120
34.736827,-92.298954,Arkansas,Pulaski County,Little Rock,Little Rock School District,Little Rock Central High School,10/12/2021,Tuesday,11:27 AM,public,2430,0,0,0,unclear,,,,,,,,,,,,,785,1254,155,201,18,0,17,0,,,167.63,1188
41.8244,-87.6199,Illinois,Cook County,Chicago,City Of Chicago Sd 299,Wendell Phillips Academy High School,10/12/2021,Tuesday,3:15 PM,public,599,0,2,2,indiscriminate,,,,,,,,,,,,,1,582,9,0,1,0,6,0,,,47,576
41.7344,-87.6188,Illinois,Cook County,Chicago,City Of Chicago Sd 299,James McDade Classical School,10/13/2021,Wednesday,8:38 AM,public,176,0,0,0,targeted,,,,,,,,,,,,,2,162,1,4,0,0,7,0,,,10,47
31.562163,-91.394805,Mississippi,Adams County,Natchez,,Cathedral School,10/26/2021,Tuesday,9:20 AM,private,665,0,0,0,unclear,,,,,,,,,,,,,499,82,9,2,0,0,4,0,,,52.5,
41.6948,-73.9138,New York,Dutchess County,Poughkeepsie,Poughkeepsie City School District,Poughkeepsie High School,11/15/2021,Monday,3:15 PM,public,1153,0,0,0,targeted,13,m,,student,,,,,,,,,72,612,413,7,3,6,40,0,.38-caliber handgun,,102.83,865
40.8425,-73.891,New York,Bronx County,Bronx,New York City Geographic District #12,P.S. 44,11/16/2021,Tuesday,2:15 PM,public,263,0,0,0,unclear,45,m,,,,,,,,,,,4,83,174,0,1,1,0,0,handgun,,25,258
39.7349,-104.8086,Colorado,Arapahoe County,Aurora,Aurora Joint District NO. 28 Of The Counties Of Adams And Arapahoe,Hinkley High School,11/19/2021,Friday,12:00 PM,public,2091,0,3,3,targeted,16,,,student,,,,,,,,,117,290,1513,81,18,25,47,1,,,107.93,1726
41.61606,-87.643734,Illinois,Cook County,Harvey,Thornton Twp Hsd 205,Thornton Township High School,11/24/2021,Wednesday,3:00 PM,public,1569,0,0,0,targeted,,,,,,,,,,,,,3,1126,406,24,4,1,5,0,,,116,992
33.3757,-112.1463,Arizona,Maricopa County,Laveen,Phoenix Union High School District (4286),Cesar Chavez High School,11/29/2021,Monday,3:00 PM,public,2590,0,1,1,targeted,15,m,,student,,,,,,,,,115,396,1816,53,129,8,73,0,,,123.4,1605
42.838243,-83.260782,Michigan,Oakland County,Oxford,Oxford Community Schools,Oxford High School,11/30/2021,Tuesday,12:50 PM,public,1872,4,7,11,indiscriminate,15,m,w,student,0,,,,,,,,1549,53,186,30,1,5,48,0,9mm handgun,parent,81.8,451
29.678303,-95.182324,Texas,Harris County,Pasadena,Pasadena Isd,Sam Rayburn High School,12/1/2021,Wednesday,11:00 PM,public,2724,0,0,0,targeted,21,m,,,,,,,,,,,130,84,2482,10,4,0,14,0,,,175.78,2210
40.719909,-73.991729,New York,New York County,New York,Great Oaks Charter School,Great Oaks Charter School,12/9/2021,Thursday,9:30 AM,public,299,0,0,0,unclear,,,,,,,,,,,,,9,92,179,11,2,0,6,0,,,20,256
35.563,-80.5457,North Carolina,Rowan County,China Grove,Rowan-salisbury Schools,Jesse C. Carson High School,12/9/2021,Thursday,2:00 PM,public,1245,0,0,0,accidental,,,,,0,,,,,,,,933,48,205,6,3,0,50,0,,,71.24,461
35.2654,-80.8585,North Carolina,Mecklenburg County,Charlotte,Charlotte-mecklenburg Schools,West Charlotte High School,12/13/2021,Monday,2:15 PM,public,1376,0,0,0,targeted,,,,student,,,,,,,,,18,1058,187,35,2,0,76,0,,,90.6,1372
34.048231,-81.040984,South Carolina,Richland County,Columbia,Richland 01,Eau Claire High School,12/16/2021,Thursday,3:00 PM,public,510,0,0,0,targeted,15,m,,student,,,,,,,,,6,440,46,0,0,6,17,0,,,50,510
42.286784,-89.137895,Illinois,Winnebago County,Rockford,Rockford Sd 205,Auburn High School,1/4/2022,Tuesday,1:10 PM,public,1807,0,2,2,targeted,16,m,b,,,,17,m,b,,,,498,770,331,75,4,2,127,0,9mm handgun,,101.1,1105
28.7793,-81.283,Florida,Seminole County,Sanford,Seminole,Seminole High School,1/19/2022,Wednesday,12:00 PM,public,4062,0,1,1,targeted,16,m,b,student,,,,,,,,,1377,1134,975,385,14,11,166,0,9mm handgun,,149.07,2032
40.464327,-80.024121,Pennsylvania,Allegheny County,Pittsburgh,Pittsburgh Sd,Oliver Citywide Academy,1/19/2022,Wednesday,1:45 PM,public,105,1,0,1,targeted,,,,,,,,,,,,,9,85,0,0,0,0,11,0,,,22.63,86
39.1313,-77.1183,Maryland,Montgomery County,Rockville,Montgomery County Public Schools,Magruder High School,1/21/2022,Friday,1:00 PM,public,1697,0,1,1,targeted,17,m,,student,,,,,,,,,436,302,671,210,3,0,75,0,,,101.8,545
44.868045,-93.310844,Minnesota,Hennepin County,Richfield,Intermediate School District 287,South Education Center,2/1/2022,Tuesday,12:07 PM,public,71,1,1,2,targeted,19,m,h,student,,,18,m,h,,,,15,17,27,2,1,1,8,0,,,8.2,47
40.9258,-73.8151,New York,Westchester County,Mount Vernon,Mount Vernon City School District,Mount Vernon High School,2/8/2022,Tuesday,2:00 PM,public,1302,0,0,0,unclear,,,,,,,,,,,,,45,974,262,11,6,2,2,0,,,79.74,
38.3173,-104.7291,Colorado,Pueblo County,Pueblo West,Pueblo County School District 70,Liberty Point International School,2/22/2022,Tuesday,3:30 PM,public,536,1,0,1,targeted,,,,police officer,,,,,,,,,256,4,227,0,4,2,43,0,service weapon,,26,319
33.5427,-84.3428,Georgia,Clayton County,Clayton County,Clayton County School District,Jonesboro High School,2/28/2022,Monday,,public,1383,0,0,0,unclear,,,,student,,,,,,,,,44,923,313,48,6,0,49,0,Loaded handgun,,75.3,1286
38.8959,-94.7539,Kansas,Johnson County,Olathe,Olathe School District,Olathe East High School,3/4/2022,Friday,10:30 AM,public,1957,0,2,2,targeted,18,m,b,student,,,,,,,,,1264,209,280,102,7,4,91,0,,,117.3,482
41.5969,-93.600681,Iowa,Polk County,Des Moines,Des Moines Public Schools,East High School,3/7/2022,Monday,3:00 PM,public,2204,1,2,3,indiscriminate,,,,,,,,,,,,,644,339,922,158,10,2,129,0,,,97.1,1815
25.938839,-80.276769,Florida,Miami-Dade County,Miami Gardens,Miami-Dade School District,North Gardens High School,3/9/2022,Wednesday,1:30 PM,public,335,0,3,3,indiscriminate,17,m,,,,,18,m,,,,,11,138,183,0,0,0,3,0,Glock,,6,140
37.969409,-122.288035,California,Contra Costa County,Richmond,West Contra Costa Unified,De Anza High School,3/11/2022,Friday,,public,1380,0,1,1,targeted,,,,student,,,,,,,,,106,308,665,243,4,10,44,0,,,62.89,1063
46.591635,-120.565796,Washington,Yakima County,Yakima,Yakima School District,Eisenhower High School,3/15/2022,Tuesday,3:00 PM,public,1908,1,0,1,targeted,15,m,,student,,,,,,,,,447,11,1372,12,21,1,43,0,,,97.97,1333
46.372185,-102.318612,North Dakota,Hettinger County,Hettinger County,Mott-regent 1,Mott-Regent School,3/21/2022,Wednesday,,public,98,1,0,1,targeted,,m,,police officer,,,,,,,,,87,2,3,0,5,1,0,0,service pistol,,15.5,43
38.6226,-77.2671,Virginia,Prince William County,Woodbridge,Prince William Co Pblc Schs,Rippon Middle School,3/22/2022,Thursday,11:00 AM,public,1371,0,0,0,indiscriminate,20,m,b,,,,,,,,,,127,519,498,140,2,5,80,0,rifle and shotgun,,82.67,
36.176163,-115.202879,Nevada,Clark County,Las Vegas,Clark County School District,Western High School,3/29/2022,Tuesday,2:15 PM,public,2732,0,2,0,targeted,,,,school police officer,,,,,,,,,155,451,1969,49,1,21,86,0,,,103,2732
32.780532,-89.105653,Pennsylvania,Neshoba County,Philadelphia,Philadelphia Public School Dis,West Philadelphia Achievement Charter Elementary School,3/31/2022,Thursday,9:00 AM,public,470,0,0,0,accidental,8,m,,student,0,,,,,,,,60,382,6,10,8,0,4,0,,,36.2,470
34.824083,-82.46882,South Carolina,Greenville County,Greenville,Greenville County School District,Tanglewood Middle,3/31/2022,Thursday,12:26 PM,public,868,1,0,1,targeted,12,m,,student,,,,,,,,,105,351,379,0,4,0,29,0,handgun,,45,868
41.044822,-80.552325,Ohio,Mahoning County,Lowellville,Lowellville Local,Lowellville Junior/Senior High School,4/5/2022,Thursday,10:00 AM,public,219,0,0,0,public suicide,,,,student,,,,,,,,,191,9,15,0,0,0,4,0,,,18.46,
42.101896,-80.082293,Pennsylvania,Erie County,Erie,Erie City Shool District,Erie High School,4/5/2022,Tuesday,9:20 AM,public,2267,0,1,1,targeted,14,m,,student,,,,,,,,,803,912,317,111,4,1,119,0,9mm handgun,,153.25,2264
34.219096,-92.010781,Arkansas,Jefferson County,Pine Bluff,Pine Bluff School District,Pine Bluff High School,4/11/2022,Monday,2:45 PM,public,892,0,0,0,unclear,,m,,student,,,,,,,,,21,851,16,1,0,0,3,1,,,58.17,892
38.94304098,-77.06209293,District of Columbia,District of Columbia,Washington,,Edmund Burke School,4/22/2022,Friday,3:18 PM,private,300,0,4,4,indiscriminate,23,m,,,1,,,,,,,,,,,,,,,0,sniper rifle,,,
46.4805,-87.7289,Michigan,Marquette County,West Ishpeming,Nice Community School District,Aspen Ridge Elementary School,4/26/2022,Tuesday,1:30 PM,public,753,0,0,0,public suicide,,m,,student,,,,,,,,,706,3,6,5,12,5,16,0,,,50.95,264
29.795384,-95.3935,Texas,Harris County,Houston,The Houston Independent School District,Heights High School,5/12/2022,Thursday,1:15 PM,public,2450,0,1,1,targeted,17,m,,student,,,,,,,,,257,296,1841,23,3,2,28,0,AK pistol,,123.15,1613
26.709238,-80.059481,Florida,Palm Beach County,West Palm Beach,Palm Beach County,Alexander W. Dreyfoos School of Arts,5/13/2022,Friday,11:58 AM,public,1363,1,0,0,targeted,,f,,off-duty police officer,,,,,,,,,710,125,326,127,3,0,72,0,,,65,327
41.9568,-87.6469,Illinois,Cook County,Chicago,City Of Chicago Sd 299,Walt Disney Magnet School,5/17/2022,Tuesday,10:00 AM,public,1536,0,1,1,accidental,8,m,,student,0,,,,,,,,231,738,317,177,9,3,61,0,,,91,865
31.696012,-96.473307,Texas,Limestone County,Mexia,Mexia Independent School District,Mexia High School,5/17/2022,Monday,11:20 AM,public,531,0,0,0,unclear,17,m,,student,,,,,,,,,97,134,280,9,0,1,12,0,,,42.8,431
29.199304,-99.78812,Texas,Uvalde County,Uvalde,Uvalde CISD,Robb Elementary School,5/24/2022,Tuesday,11:33 AM,public,538,21,12,33,indiscriminate,18,m,h,,,,,,,,,,47,6,516,0,0,0,2,0,,,34.53,438
34.177798,-118.415327,California,Los Angeles County,Los Angeles,Los Angeles Unified School District,Ulysses S. Grant High School,6/1/2022,Wednesday,3:25 PM,public,1886,0,1,2,targeted,,,,,,,,,,,,,732,58,1010,61,5,2,18,0,,,94.35,2609
34.0107,-86.0562,Alabama,Etowah County,Gadsden,Gadsden City,Walnut Park Elementary,6/9/2022,Thursday,9:30 AM,public,203,1,1,2,targeted,,,,police officer,,,,,,,,,118,48,35,1,1,0,0,0,,,13.46,252
38.111902,-122.243859,California,Solano County,Vallejo,Vallejo City Unified District,John Finney High School,7/20/2022,Wednesday,9:25 AM,public,135,0,0,0,unclear,,m,Hispanic,,,,,,,,,,9,53,65,4,0,2,2,0,,,7.12,93
37.727297,-122.178837,California,Alameda County,Oakland,Oakland Unified School District,Madison Park Academy,8/29/2022,Monday,1:30 PM,public,754,0,1,1,accidental,12,m,,student,0,,,,,,,,5,117,589,15,1,22,5,0,,,45.3,694
39.3322,-76.5911,Maryland,Baltimore City,Baltimore,Baltimore City Public Schools District,Mergenthaler Vocational Technical High School,9/2/2022,Friday,3:00 PM,public,1785,1,0,1,targeted,17,m,,student,,,,,,,,,51,1577,145,6,0,1,5,0,handgun,,105.5,1187
27.120513,-80.234928,Florida,Martin County,Stuart,Martin District,Treasure Cost Classical Academy,9/19/2022,Monday,,public,1030,0,0,0,accidental,,m,w,school resource deputy,0,,,,,,,,818,25,130,20,1,1,35,0,handgun,,67,153
44.159231,-94.017529,Minnesota,Blue Earth County,Mankoto,Mankoto Public School District,Mankato West High School,9/20/2022,Tuesday,12:00 PM,public,1243,0,0,0,suicide,,m,,student,,,,,,,,,993,121,59,28,2,59,39,0,,,55.56,259
37.76573,-122.153923,California,Alameda County,Oakland,Oakland Unified School District,Rudsdale High School,9/28/2022,Wednesday,12:45 PM,public,294,0,6,6,indiscriminate,,,,,,,,,,,,,1,56,229,3,0,3,2,0,,,17.8,255
42.306942,-71.081648,Massachusetts,Suffolk County,Dorchester,Boston Public Schools Library and Media Services,Jeremiah E. Burke High School,10/4/2022,Tuesday,9:30 AM,public,390,0,1,1,targeted,17,m,,student,,,,,,,,,15,232,126,3,0,3,11,0,,,34.89,
43.1261,-88.0128,Wisconsin,Milwaukee County,Milwaukee,Milwaukee Public Schools,James Madison Academic Campus,10/10/2022,Monday,3:30 PM,public,699,0,1,1,unclear,,,,,,,,,,,,,10,625,29,21,0,0,14,0,,,41.8,699
38.604372,-90.270897,Missouri,St. Louis City,St. Louis,St. Louis City,Central Visual and Performing Arts High School,10/24/2022,Monday,9:10 AM,public,380,2,7,9,indiscriminate,19,m,b,,,,,,,,,,56,289,26,6,1,0,2,0,,,26.45,377
47.7257,-122.3369,Washington,King County,Seattle,Seattle School District No. 1,Ingraham High School,11/8/2022,Tuesday,,public,1483,1,0,1,targeted,14,m,,student,,,15,m,,student,,,762,155,235,147,7,5,166,0,handgun,,72.41,186
39.6716,-89.629,Louisiana,Sangamon County,Ball,Ball Chatham Cusd 5,Ball Elementary School,11/11/2022,Tuesday,1:26 PM,public,606,0,2,2,targeted,,,,,,,,,,,,,473,39,22,24,1,0,47,0,,,36.32,
39.689,-87.4138,Indiana,Vermillion County,Clinton,South Vermillion Com Sch Corp,South Vermillion High School,11/17/2022,Thursday,9:30 AM,public,535,0,1,1,accidental,,m,,sheriff deputy,0,,,,,,,,506,4,12,0,0,1,12,1,handgun,,37.74,195
35.032022,-90.036586,Tennessee,Shelby County,Memphis,Shelby County,Freedom Preparatory High School,12/5/2022,Monday,12:27 PM,public,288,0,1,1,accidental,15,m,,student,0,,,,,,,,1,233,49,0,0,0,5,0,,,14.84,156
38.853645,-76.917277,Maryland,Prince George's County,Forestville,Prince George's County Public Schools,Suitland High School,12/8/2022,Thursday,10:00 AM,public,2047,0,1,1,targeted,16,m,,student,,,,,,,,,28,1806,185,4,5,4,15,0,,,133,807
35.585093,-78.793497,North Carolina,Wake County,Fuquay-Varina,Wake County Schools,Fuquay-Varina Middle School,12/8/2022,Thursday,8:03 AM,public,1157,0,0,0,accidental,12,,,student,,,,,,,,,694,183,210,18,6,3,43,0,,,65.5,196
45.4985,-122.6391,Oregon,Multnomah County,Portland,Portland County Schools,Cleveland High School,12/12/2022,Monday,12:30 PM,public,1625,0,1,1,targeted,,,,,,,,,,,,,1062,42,150,138,2,6,198,0,,,80.56,148
43.188169,-77.597958,New York,Monroe County,Rochester,Rochester City School District,Benjamin Franklin High School,1/5/2023,Thursday,,public,1029,0,0,0,targeted,,,,,,,,,,,,,83,574,349,18,1,0,4,0,,,108.7,941
40.0942,-82.9647,Ohio,Franklin County,Columbus,Columbus City School District,Beechcroft High School,1/6/2023,Thursday,11:30 AM,public,630,0,0,0,unclear,15,,,student,,,,,,,,,53,375,141,30,1,1,29,0,,,44,
37.1564,-76.5237,Virginia,Newport News City,Newport News,Newport News City of Public Schools,Richneck Elementary School,1/6/2023,Friday,2:00 PM,public,586,0,1,1,targeted,6,m,,student,,,,,,,,,141,275,86,20,0,2,62,0,handgun,,31,492
39.668622,-75.584879,Delaware,New Castle County,New Castle,Colonial School District,William Penn High School,1/10/2023,Monday,11:40 AM,public,2270,0,0,0,accidental,16,m,,student,,,,,,,,,551,1074,511,47,11,11,65,0,handgun,,128,
29.94991,-90.08925,Louisiana,Orleans Parish,New Orleans,Kipp Booker T Washington,Booker T. Washington High School,1/10/2023,Tuesday,3:30 PM,public,736,0,1,1,targeted,,,,,,,,,,,,,1,700,34,0,1,0,0,0,,,56,583
39.0554877,-94.59127529,Missouri,Jackson County,Kansas City,,Plaza Academy,1/24/2023,Tuesday,12:34 PM,private,50,0,1,1,targeted,,,,,,,,,,,,,,,,,,,,0,,,,
40.655508,-111.936978,Utah,Salt Lake County,Taylorsville,Granite District,Taylorsville High School,1/26/2023,Thursday,,public,2764,0,0,0,targeted,,,,student,,,,,,,,,1359,90,1041,115,26,95,38,0,,,102.81,1127
32.6857,-114.5107,Arizona,Yuma County,Yuma,Yuma Union High School District,Gila Ridge High School,1/30/2023,Monday,8:30 AM,public,2158,0,2,2,unclear,,,,,,,,,,,,,672,31,1373,15,13,6,48,0,,,83.7,1208
35.629468,-98.324487,Oklahoma,Blaine County,Geary,Geary,Geary Elementary School,1/31/2023,Tuesday,,public,149,0,0,0,accidental,,,,parent of student,,,,,,,,,71,5,19,0,43,0,11,0,rifle,legally purchased by shooter,15.2,130
40.5638,-88.6136,Ohio,Mclean County,Pickerington,Ridgeview Cusd 19,Ridgeview Jr. High School,2/2/2023,Thursday,10:00 AM,public,143,0,0,0,targeted,,m,,,,,,,,,,,129,2,3,0,0,0,9,0,,,6.7,60
40.6223,-74.0787,New York,Richmond County,Staten Island,New York City Geographic District #31,PS 78,2/13/2023,Monday,12:35 PM,public,594,0,0,0,unclear,,,,,,,,,,,,,25,242,280,22,8,10,7,0,,,54.14,569
36.047164,-102.499399,Texas,Hartley County,Dalhart,Dalhart ISD,Dalhart ISD schools,2/13/2023,Monday,12:00 PM,public,1735,1,0,1,accidental,,,,,,,,,,,,,521,13,1178,3,6,1,13,0,,,128.91,1162
40.4609,-79.9012,Pennsylvania,Allegheny County,Pittsburgh,Pittsburgh Sd,Westinghouse Academy,2/14/2023,Tuesday,,public,679,0,4,4,unclear,,,,,,,,,,,,,11,627,10,1,3,0,27,0,,,63.7,676
35.228498,-101.824434,Texas,Potter County,Amarillo,Amarillo Isd,Palo Duro High School,3/6/2023,Monday,2:00 PM,public,1895,0,1,1,unclear,,,,,,,,,,,,,203,347,1083,211,7,6,38,0,,,131,1499
32.763804,-97.125993,Texas,Tarrant County,Arlington,Arlington Isd,Lamar High School,3/20/2023,Monday,6:55 AM,public,"2,541",1,1,2,unclear,,m,,student,,,,,,,,,385,901,"1,107",65,13,3,67,0,,,166.97,"1,820"
33.6612,-85.82,Alabama,Calhoun County,Anniston,Anniston City,Anniston High School,3/22/2023,Wednesday,12:45 PM,public,450,0,1,1,accidental,,,,student,,,,,,,,,21,387,30,0,0,0,12,0,,,25.5,387
39.7416,-104.9557,Colorado,Denver County,Denver,School District NO. 1 In The County Of Denver And State Of Colorado,East High School,3/22/2023,Wednesday,9:55 AM,public,2589,0,2,2,targeted,17,m,b,student,1,suicide,,,,,,,1325,417,571,63,6,8,199,0,ghost gun,,123.63,743
41.672866,-85.726857,Indiana,Elkhart County,Middlebury,Middlebury Community Schools,Northridge Middle School,3/24/2023,Friday,,public,1002,0,0,0,public suicide,,,,staff member,1,suicide,,,,,,,831,19,107,9,,1,35,0,,,68.5,266
36.09286762,-86.82526612,Tennessee,Davidson County,Nashville,,The Covenant School,3/27/2023,Monday,10:13 AM,private,200,6,0,6,indiscriminate,28,f,w,former student,1,police shooting,,,,,,,112,3,0,1,0,0,0,0,,,15,
37.510274,-77.483075,Virginia,Richmond City,Richmond,Richmond City Pblc Schs,George Wythe High School,4/27/2023,Thursday,12:02 PM,public,1296,0,2,2,targeted,18,m,,student,,,,,,,,,32,598,652,3,0,0,11,0,,,71.84,1116
35.9485,-83.973,Tennessee,Knox County,Knoxville,Knox County,West High School,4/28/2023,Friday,9:20 AM,public,1525,0,1,1,accidental,14,m,,student,,,,,,,,,909,305,187,23,0,3,98,0,handgun,,85.5,303
42.9966,-83.6785,Michigan,Genesee County,Flint,International Academy of Flint,International Academy of Flint K12,5/2/2023,Tuesday,3:30 PM,public,927,0,1,1,targeted,27,f,,parent,,,,,,,,,36,800,12,0,7,0,72,0,,,49,787
36.20418,-115.097412,Nevada,Clark County,Las Vegas,Clark County School District,Von Tobel Ed MS,5/8/2023,Monday,12:30 PM,public,"1,051",0,1,1,accidental,18,m,,,,,,,,,,,25,128,867,6,2,6,17,0,,,,1051
40.0028,-75.1781,Pennsylvania,Philadelphia County,Philadelphia,Philadelphia City Sd,E. Washington Rhodes Elementary School,5/8/2023,Monday,11:30 AM,public,406,0,0,0,accidental,,,,student,,,,,,,,,4,370,20,0,3,0,9,0,,,41.37,403
38.942971,-77.029177,District of Columbia,District Of Columbia,Washington,District Of Columbia Public Schools,Roosevelt High School,5/17/2023,Wednesday,2:25 PM,public,797,1,0,1,unclear,,,,,,,,,,,,,6,432,354,4,0,0,1,0,,,67.9,392
42.5826821,-70.95260296,Massachusetts,Essex County,Danvers,,St. John's Prep,5/22/2023,Monday,,private,1446,0,0,0,accidental,,m,,police officer,,,,,,,,,1186,50,140,50,0,10,10,0,,,176.3,
40.464327,-80.024121,Pennsylvania,Allegheny County,Pittsburgh,Pittsburgh Sd,Oliver Citywide Academy,5/24/2023,Wednesday,7:30 AM,public,106,1,0,1,targeted,15,m,,student,,,,,,,,,9,82,2,1,0,0,12,0,,,22.63,88
42.522585,-83.066681,Michigan,Macomb County,Warren,Conner Creek Academy East,Michigan Collegiate High School,6/5/2023,Monday,2:40 PM,public,643,0,0,0,targeted,22,m,b,associate of student,,,,,,,,,3,628,2,4,0,0,6,0,handgun,,24.84,595
